Workbook

Sheet INPUTS
A1: Bancassurance Incentive Engine - Refactored
A3: Total RMs | B3: 500
A4: Current GWP (Cr) | B4: 443
A5: Target GWP (Cr) | B5: 600
A6: Aspirational GWP (Cr) | B6: 800
A7: Current Monthly RM Productivity | B7: 550000
A8: Target Monthly RM Productivity | B8: 750000
A9: Aspirational Monthly RM Productivity | B9: 1000000
A10: RM Base Incentive % | B10: 0.012
A11: ASM Base Incentive % | B11: 0.005
A12: ZSM Base Incentive % | B12: 0.0025
A16: Achievement Weight | B16: 0.5
A17: Activation Weight | B17: 0.2
... A20: Digital Weight | B20: 0.05

Sheet RM_CALCULATOR
A1: RM Name | B1: Zone | C1: Target | D1: Achieved | E1: % Achievement | F1: Activation % | G1: Product Mix % | H1: Persistency % | I1: Digital % | J1: BPI Score | K1: Multiplier | L1: Quality Factor | M1: Final Incentive (Tapered) | N1: Gap to Next Achievement Slab | O1: AI Insight | Q1: Governance & Tapering
A2: RM Alpha | B2: North | C2: 750000 | D2: 550000 | E2: =D2/C2 | F2: 0.5 | G2: 0.3 | H2: 0.8 | I2: 0.8 | J2: =MIN((E2*INPUTS!B16)+(F2*INPUTS!B17)+(G2*INPUTS!B18)+(H2*INPUTS!B19)+(I2*INPUTS!B20),1.5) | K2: =IF(J2<0.6,0.3,IF(J2<0.8,0.6,IF(J2<1,1,IF(J2<1.2,1.5,2)))) | L2: 1 | M2: =IF((D2*INPUTS!B10*K2*L2)<=25000,(D2*INPUTS!B10*K2*L2),IF((D2*INPUTS!B10*K2*L2)<=40000,25000+(((D2*INPUTS!B10*K2*L2)-25000)*0.85),IF((D2*INPUTS!B10*K2*L2)<=75000,37750+(((D2*INPUTS!B10*K2*L2)-40000)*0.70),62250+(((D2*INPUTS!B10*K2*L2)-75000)*0.50)))) | N2: =MAX(IF(E2<0.8,(C2*0.8)-D2,IF(E2<1,(C2*1)-D2,IF(E2<1.2,(C2*1.2)-D2,IF(E2<1.4,(C2*1.4)-D2,(C2*1.5)-D2)))),0) | O2: =IF(E2<0.8,"Increase Sales Volume",IF(F2<0.6,"Activate More Branches",IF(G2<0.5,"Push Focus Products","Strong Performance"))) | Q2: Range | R2: Logic | S2: Action
A3: RM Beta | B3: South | C3: 750000 | D3: 750000 | E3: =D3/C3 | F3: 0.65 | G3: 0.5 | H3: 0.85 | I3: 0.9 | J3: =MIN((E3*INPUTS!B16)+(F3*INPUTS!B17)+(G3*INPUTS!B18)+(H3*INPUTS!B19)+(I3*INPUTS!B20),1.5) | K3: =IF(J3<0.6,0.3,IF(J3<0.8,0.6,IF(J3<1,1,IF(J3<1.2,1.5,2)))) | L3: 1 | M3: =IF((D3*INPUTS!B10*K3*L3)<=25000,(D3*INPUTS!B10*K3*L3),IF((D3*INPUTS!B10*K3*L3)<=40000,25000+(((D3*INPUTS!B10*K3*L3)-25000)*0.85),IF((D3*INPUTS!B10*K3*L3)<=75000,37750+(((D3*INPUTS!B10*K3*L3)-40000)*0.70),62250+(((D3*INPUTS!B10*K3*L3)-75000)*0.50)))) | N3: =MAX(IF(E3<0.8,(C3*0.8)-D3,IF(E3<1,(C3*1)-D3,IF(E3<1.2,(C3*1.2)-D3,IF(E3<1.4,(C3*1.4)-D3,(C3*1.5)-D3)))),0) | O3: =IF(E3<0.8,"Increase Sales Volume",IF(F3<0.6,"Activate More Branches",IF(G3<0.5,"Push Focus Products","Strong Performance"))) | Q3: ₹0–25K | R3: Normal | S3: Automatic
A4: RM Gamma | B4: West | C4: 750000 | D4: 1200000 | E4: =D4/C4 | F4: 0.8 | G4: 0.65 | H4: 0.9 | I4: 0.95 | J4: =MIN((E4*INPUTS!B16)+(F4*INPUTS!B17)+(G4*INPUTS!B18)+(H4*INPUTS!B19)+(I4*INPUTS!B20),1.5) | K4: =IF(J4<0.6,0.3,IF(J4<0.8,0.6,IF(J4<1,1,IF(J4<1.2,1.5,2)))) | L4: 1 | M4: =IF((D4*INPUTS!B10*K4*L4)<=25000,(D4*INPUTS!B10*K4*L4),IF((D4*INPUTS!B10*K4*L4)<=40000,25000+(((D4*INPUTS!B10*K4*L4)-25000)*0.85),IF((D4*INPUTS!B10*K4*L4)<=75000,37750+(((D4*INPUTS!B10*K4*L4)-40000)*0.70),62250+(((D4*INPUTS!B10*K4*L4)-75000)*0.50)))) | N4: =MAX(IF(E4<0.8,(C4*0.8)-D4,IF(E4<1,(C4*1)-D4,IF(E4<1.2,(C4*1.2)-D4,IF(E4<1.4,(C4*1.4)-D4,(C4*1.5)-D4)))),0) | O4: =IF(E4<0.8,"Increase Sales Volume",IF(F4<0.6,"Activate More Branches",IF(G4<0.5,"Push Focus Products","Strong Performance"))) | Q4: ₹25K–40K | R4: Moderated | S4: Monitor
E5: =D5/C5 | J5: =MIN((E5*INPUTS!B16)+(F5*INPUTS!B17)+(G5*INPUTS!B18)+(H5*INPUTS!B19)+(I5*INPUTS!B20),1.5) | K5: =IF(J5<0.6,0.3,IF(J5<0.8,0.6,IF(J5<1,1,IF(J5<1.2,1.5,2)))) | M5: =IF((D5*INPUTS!B10*K5*L5)<=25000,(D5*INPUTS!B10*K5*L5),IF((D5*INPUTS!B10*K5*L5)<=40000,25000+(((D5*INPUTS!B10*K5*L5)-25000)*0.85),IF((D5*INPUTS!B10*K5*L5)<=75000,37750+(((D5*INPUTS!B10*K5*L5)-40000)*0.70),62250+(((D5*INPUTS!B10*K5*L5)-75000)*0.50)))) | N5: =MAX(IF(E5<0.8,(C5*0.8)-D5,IF(E5<1,(C5*1)-D5,IF(E5<1.2,(C5*1.2)-D5,IF(E5<1.4,(C5*1.4)-D5,(C5*1.5)-D5)))),0) | O5: =IF(E5<0.8,"Increase Sales Volume",IF(F5<0.6,"Activate More Branches",IF(G5<0.5,"Push Focus Products","Strong Performance"))) | Q5: ₹40K–75K | R5: Tapered | S5: Review
E6: =D6/C6 | J6: =MIN((E6*INPUTS!B16)+(F6*INPUTS!B17)+(G6*INPUTS!B18)+(H6*INPUTS!B19)+(I6*INPUTS!B20),1.5) | K6: =IF(J6<0.6,0.3,IF(J6<0.8,0.6,IF(J6<1,1,IF(J6<1.2,1.5,2)))) | M6: =IF((D6*INPUTS!B10*K6*L6)<=25000,(D6*INPUTS!B10*K6*L6),IF((D6*INPUTS!B10*K6*L6)<=40000,25000+(((D6*INPUTS!B10*K6*L6)-25000)*0.85),IF((D6*INPUTS!B10*K6*L6)<=75000,37750+(((D6*INPUTS!B10*K6*L6)-40000)*0.70),62250+(((D6*INPUTS!B10*K6*L6)-75000)*0.50)))) | N6: =MAX(IF(E6<0.8,(C6*0.8)-D6,IF(E6<1,(C6*1)-D6,IF(E6<1.2,(C6*1.2)-D6,IF(E6<1.4,(C6*1.4)-D6,(C6*1.5)-D6)))),0) | O6: =IF(E6<0.8,"Increase Sales Volume",IF(F6<0.6,"Activate More Branches",IF(G6<0.5,"Push Focus Products","Strong Performance"))) | Q6: >₹75K | R6: Tapered + Approval | S6: Approval Review
E7: =D7/C7 | J7: =MIN((E7*INPUTS!B16)+(F7*INPUTS!B17)+(G7*INPUTS!B18)+(H7*INPUTS!B19)+(I7*INPUTS!B20),1.5) | K7: =IF(J7<0.6,0.3,IF(J7<0.8,0.6,IF(J7<1,1,IF(J7<1.2,1.5,2)))) | M7: =IF((D7*INPUTS!B10*K7*L7)<=25000,(D7*INPUTS!B10*K7*L7),IF((D7*INPUTS!B10*K7*L7)<=40000,25000+(((D7*INPUTS!B10*K7*L7)-25000)*0.85),IF((D7*INPUTS!B10*K7*L7)<=75000,37750+(((D7*INPUTS!B10*K7*L7)-40000)*0.70),62250+(((D7*INPUTS!B10*K7*L7)-75000)*0.50)))) | N7: =MAX(IF(E7<0.8,(C7*0.8)-D7,IF(E7<1,(C7*1)-D7,IF(E7<1.2,(C7*1.2)-D7,IF(E7<1.4,(C7*1.4)-D7,(C7*1.5)-D7)))),0) | O7: =IF(E7<0.8,"Increase Sales Volume",IF(F7<0.6,"Activate More Branches",IF(G7<0.5,"Push Focus Products","Strong Performance")))
E8: =D8/C8 | J8: =MIN((E8*INPUTS!B16)+(F8*INPUTS!B17)+(G8*INPUTS!B18)+(H8*INPUTS!B19)+(I8*INPUTS!B20),1.5) | K8: =IF(J8<0.6,0.3,IF(J8<0.8,0.6,IF(J8<1,1,IF(J8<1.2,1.5,2)))) | M8: =IF((D8*INPUTS!B10*K8*L8)<=25000,(D8*INPUTS!B10*K8*L8),IF((D8*INPUTS!B10*K8*L8)<=40000,25000+(((D8*INPUTS!B10*K8*L8)-25000)*0.85),IF((D8*INPUTS!B10*K8*L8)<=75000,37750+(((D8*INPUTS!B10*K8*L8)-40000)*0.70),62250+(((D8*INPUTS!B10*K8*L8)-75000)*0.50)))) | N8: =MAX(IF(E8<0.8,(C8*0.8)-D8,IF(E8<1,(C8*1)-D8,IF(E8<1.2,(C8*1.2)-D8,IF(E8<1.4,(C8*1.4)-D8,(C8*1.5)-D8)))),0) | O8: =IF(E8<0.8,"Increase Sales Volume",IF(F8<0.6,"Activate More Branches",IF(G8<0.5,"Push Focus Products","Strong Performance")))
E9: =D9/C9 | J9: =MIN((E9*INPUTS!B16)+(F9*INPUTS!B17)+(G9*INPUTS!B18)+(H9*INPUTS!B19)+(I9*INPUTS!B20),1.5) | K9: =IF(J9<0.6,0.3,IF(J9<0.8,0.6,IF(J9<1,1,IF(J9<1.2,1.5,2)))) | M9: =IF((D9*INPUTS!B10*K9*L9)<=25000,(D9*INPUTS!B10*K9*L9),IF((D9*INPUTS!B10*K9*L9)<=40000,25000+(((D9*INPUTS!B10*K9*L9)-25000)*0.85),IF((D9*INPUTS!B10*K9*L9)<=75000,37750+(((D9*INPUTS!B10*K9*L9)-40000)*0.70),62250+(((D9*INPUTS!B10*K9*L9)-75000)*0.50)))) | N9: =MAX(IF(E9<0.8,(C9*0.8)-D9,IF(E9<1,(C9*1)-D9,IF(E9<1.2,(C9*1.2)-D9,IF(E9<1.4,(C9*1.4)-D9,(C9*1.5)-D9)))),0) | O9: =IF(E9<0.8,"Increase Sales Volume",IF(F9<0.6,"Activate More Branches",IF(G9<0.5,"Push Focus Products","Strong Performance")))
E10: =D10/C10 | J10: =MIN((E10*INPUTS!B16)+(F10*INPUTS!B17)+(G10*INPUTS!B18)+(H10*INPUTS!B19)+(I10*INPUTS!B20),1.5) | K10: =IF(J10<0.6,0.3,IF(J10<0.8,0.6,IF(J10<1,1,IF(J10<1.2,1.5,2)))) | M10: =IF((D10*INPUTS!B10*K10*L10)<=25000,(D10*INPUTS!B10*K10*L10),IF((D10*INPUTS!B10*K10*L10)<=40000,25000+(((D10*INPUTS!B10*K10*L10)-25000)*0.85),IF((D10*INPUTS!B10*K10*L10)<=75000,37750+(((D10*INPUTS!B10*K10*L10)-40000)*0.70),62250+(((D10*INPUTS!B10*K10*L10)-75000)*0.50)))) | N10: =MAX(IF(E10<0.8,(C10*0.8)-D10,IF(E10<1,(C10*1)-D10,IF(E10<1.2,(C10*1.2)-D10,IF(E10<1.4,(C10*1.4)-D10,(C10*1.5)-D10)))),0) | O10: =IF(E10<0.8,"Increase Sales Volume",IF(F10<0.6,"Activate More Branches",IF(G10<0.5,"Push Focus Products","Strong Performance")))
E11: =D11/C11 | J11: =MIN((E11*INPUTS!B16)+(F11*INPUTS!B17)+(G11*INPUTS!B18)+(H11*INPUTS!B19)+(I11*INPUTS!B20),1.5) | K11: =IF(J11<0.6,0.3,IF(J11<0.8,0.6,IF(J11<1,1,IF(J11<1.2,1.5,2)))) | M11: =IF((D11*INPUTS!B10*K11*L11)<=25000,(D11*INPUTS!B10*K11*L11),IF((D11*INPUTS!B10*K11*L11)<=40000,25000+(((D11*INPUTS!B10*K11*L11)-25000)*0.85),IF((D11*INPUTS!B10*K11*L11)<=75000,37750+(((D11*INPUTS!B10*K11*L11)-40000)*0.70),62250+(((D11*INPUTS!B10*K11*L11)-75000)*0.50)))) | N11: =MAX(IF(E11<0.8,(C11*0.8)-D11,IF(E11<1,(C11*1)-D11,IF(E11<1.2,(C11*1.2)-D11,IF(E11<1.4,(C11*1.4)-D11,(C11*1.5)-D11)))),0) | O11: =IF(E11<0.8,"Increase Sales Volume",IF(F11<0.6,"Activate More Branches",IF(G11<0.5,"Push Focus Products","Strong Performance")))
E12: =D12/C12 | J12: =MIN((E12*INPUTS!B16)+(F12*INPUTS!B17)+(G12*INPUTS!B18)+(H12*INPUTS!B19)+(I12*INPUTS!B20),1.5) | K12: =IF(J12<0.6,0.3,IF(J12<0.8,0.6,IF(J12<1,1,IF(J12<1.2,1.5,2)))) | M12: =IF((D12*INPUTS!B10*K12*L12)<=25000,(D12*INPUTS!B10*K12*L12),IF((D12*INPUTS!B10*K12*L12)<=40000,25000+(((D12*INPUTS!B10*K12*L12)-25000)*0.85),IF((D12*INPUTS!B10*K12*L12)<=75000,37750+(((D12*INPUTS!B10*K12*L12)-40000)*0.70),62250+(((D12*INPUTS!B10*K12*L12)-75000)*0.50)))) | N12: =MAX(IF(E12<0.8,(C12*0.8)-D12,IF(E12<1,(C12*1)-D12,IF(E12<1.2,(C12*1.2)-D12,IF(E12<1.4,(C12*1.4)-D12,(C12*1.5)-D12)))),0) | O12: =IF(E12<0.8,"Increase Sales Volume",IF(F12<0.6,"Activate More Branches",IF(G12<0.5,"Push Focus Products","Strong Performance")))
E13: =D13/C13 | J13: =MIN((E13*INPUTS!B16)+(F13*INPUTS!B17)+(G13*INPUTS!B18)+(H13*INPUTS!B19)+(I13*INPUTS!B20),1.5) | K13: =IF(J13<0.6,0.3,IF(J13<0.8,0.6,IF(J13<1,1,IF(J13<1.2,1.5,2)))) | M13: =IF((D13*INPUTS!B10*K13*L13)<=25000,(D13*INPUTS!B10*K13*L13),IF((D13*INPUTS!B10*K13*L13)<=40000,25000+(((D13*INPUTS!B10*K13*L13)-25000)*0.85),IF((D13*INPUTS!B10*K13*L13)<=75000,37750+(((D13*INPUTS!B10*K13*L13)-40000)*0.70),62250+(((D13*INPUTS!B10*K13*L13)-75000)*0.50)))) | N13: =MAX(IF(E13<0.8,(C13*0.8)-D13,IF(E13<1,(C13*1)-D13,IF(E13<1.2,(C13*1.2)-D13,IF(E13<1.4,(C13*1.4)-D13,(C13*1.5)-D13)))),0) | O13: =IF(E13<0.8,"Increase Sales Volume",IF(F13<0.6,"Activate More Branches",IF(G13<0.5,"Push Focus Products","Strong Performance")))
E14: =D14/C14 | J14: =MIN((E14*INPUTS!B16)+(F14*INPUTS!B17)+(G14*INPUTS!B18)+(H14*INPUTS!B19)+(I14*INPUTS!B20),1.5) | K14: =IF(J14<0.6,0.3,IF(J14<0.8,0.6,IF(J14<1,1,IF(J14<1.2,1.5,2)))) | M14: =IF((D14*INPUTS!B10*K14*L14)<=25000,(D14*INPUTS!B10*K14*L14),IF((D14*INPUTS!B10*K14*L14)<=40000,25000+(((D14*INPUTS!B10*K14*L14)-25000)*0.85),IF((D14*INPUTS!B10*K14*L14)<=75000,37750+(((D14*INPUTS!B10*K14*L14)-40000)*0.70),62250+(((D14*INPUTS!B10*K14*L14)-75000)*0.50)))) | N14: =MAX(IF(E14<0.8,(C14*0.8)-D14,IF(E14<1,(C14*1)-D14,IF(E14<1.2,(C14*1.2)-D14,IF(E14<1.4,(C14*1.4)-D14,(C14*1.5)-D14)))),0) | O14: =IF(E14<0.8,"Increase Sales Volume",IF(F14<0.6,"Activate More Branches",IF(G14<0.5,"Push Focus Products","Strong Performance")))
E15: =D15/C15 | J15: =MIN((E15*INPUTS!B16)+(F15*INPUTS!B17)+(G15*INPUTS!B18)+(H15*INPUTS!B19)+(I15*INPUTS!B20),1.5) | K15: =IF(J15<0.6,0.3,IF(J15<0.8,0.6,IF(J15<1,1,IF(J15<1.2,1.5,2)))) | M15: =IF((D15*INPUTS!B10*K15*L15)<=25000,(D15*INPUTS!B10*K15*L15),IF((D15*INPUTS!B10*K15*L15)<=40000,25000+(((D15*INPUTS!B10*K15*L15)-25000)*0.85),IF((D15*INPUTS!B10*K15*L15)<=75000,37750+(((D15*INPUTS!B10*K15*L15)-40000)*0.70),62250+(((D15*INPUTS!B10*K15*L15)-75000)*0.50)))) | N15: =MAX(IF(E15<0.8,(C15*0.8)-D15,IF(E15<1,(C15*1)-D15,IF(E15<1.2,(C15*1.2)-D15,IF(E15<1.4,(C15*1.4)-D15,(C15*1.5)-D15)))),0) | O15: =IF(E15<0.8,"Increase Sales Volume",IF(F15<0.6,"Activate More Branches",IF(G15<0.5,"Push Focus Products","Strong Performance")))
E16: =D16/C16 | J16: =MIN((E16*INPUTS!B16)+(F16*INPUTS!B17)+(G16*INPUTS!B18)+(H16*INPUTS!B19)+(I16*INPUTS!B20),1.5) | K16: =IF(J16<0.6,0.3,IF(J16<0.8,0.6,IF(J16<1,1,IF(J16<1.2,1.5,2)))) | M16: =IF((D16*INPUTS!B10*K16*L16)<=25000,(D16*INPUTS!B10*K16*L16),IF((D16*INPUTS!B10*K16*L16)<=40000,25000+(((D16*INPUTS!B10*K16*L16)-25000)*0.85),IF((D16*INPUTS!B10*K16*L16)<=75000,37750+(((D16*INPUTS!B10*K16*L16)-40000)*0.70),62250+(((D16*INPUTS!B10*K16*L16)-75000)*0.50)))) | N16: =MAX(IF(E16<0.8,(C16*0.8)-D16,IF(E16<1,(C16*1)-D16,IF(E16<1.2,(C16*1.2)-D16,IF(E16<1.4,(C16*1.4)-D16,(C16*1.5)-D16)))),0) | O16: =IF(E16<0.8,"Increase Sales Volume",IF(F16<0.6,"Activate More Branches",IF(G16<0.5,"Push Focus Products","Strong Performance")))
E17: =D17/C17 | J17: =MIN((E17*INPUTS!B16)+(F17*INPUTS!B17)+(G17*INPUTS!B18)+(H17*INPUTS!B19)+(I17*INPUTS!B20),1.5) | K17: =IF(J17<0.6,0.3,IF(J17<0.8,0.6,IF(J17<1,1,IF(J17<1.2,1.5,2)))) | M17: =IF((D17*INPUTS!B10*K17*L17)<=25000,(D17*INPUTS!B10*K17*L17),IF((D17*INPUTS!B10*K17*L17)<=40000,25000+(((D17*INPUTS!B10*K17*L17)-25000)*0.85),IF((D17*INPUTS!B10*K17*L17)<=75000,37750+(((D17*INPUTS!B10*K17*L17)-40000)*0.70),62250+(((D17*INPUTS!B10*K17*L17)-75000)*0.50)))) | N17: =MAX(IF(E17<0.8,(C17*0.8)-D17,IF(E17<1,(C17*1)-D17,IF(E17<1.2,(C17*1.2)-D17,IF(E17<1.4,(C17*1.4)-D17,(C17*1.5)-D17)))),0) | O17: =IF(E17<0.8,"Increase Sales Volume",IF(F17<0.6,"Activate More Branches",IF(G17<0.5,"Push Focus Products","Strong Performance")))
E18: =D18/C18 | J18: =MIN((E18*INPUTS!B16)+(F18*INPUTS!B17)+(G18*INPUTS!B18)+(H18*INPUTS!B19)+(I18*INPUTS!B20),1.5) | K18: =IF(J18<0.6,0.3,IF(J18<0.8,0.6,IF(J18<1,1,IF(J18<1.2,1.5,2)))) | M18: =IF((D18*INPUTS!B10*K18*L18)<=25000,(D18*INPUTS!B10*K18*L18),IF((D18*INPUTS!B10*K18*L18)<=40000,25000+(((D18*INPUTS!B10*K18*L18)-25000)*0.85),IF((D18*INPUTS!B10*K18*L18)<=75000,37750+(((D18*INPUTS!B10*K18*L18)-40000)*0.70),62250+(((D18*INPUTS!B10*K18*L18)-75000)*0.50)))) | N18: =MAX(IF(E18<0.8,(C18*0.8)-D18,IF(E18<1,(C18*1)-D18,IF(E18<1.2,(C18*1.2)-D18,IF(E18<1.4,(C18*1.4)-D18,(C18*1.5)-D18)))),0) | O18: =IF(E18<0.8,"Increase Sales Volume",IF(F18<0.6,"Activate More Branches",IF(G18<0.5,"Push Focus Products","Strong Performance")))
E19: =D19/C19 | J19: =MIN((E19*INPUTS!B16)+(F19*INPUTS!B17)+(G19*INPUTS!B18)+(H19*INPUTS!B19)+(I19*INPUTS!B20),1.5) | K19: =IF(J19<0.6,0.3,IF(J19<0.8,0.6,IF(J19<1,1,IF(J19<1.2,1.5,2)))) | M19: =IF((D19*INPUTS!B10*K19*L19)<=25000,(D19*INPUTS!B10*K19*L19),IF((D19*INPUTS!B10*K19*L19)<=40000,25000+(((D19*INPUTS!B10*K19*L19)-25000)*0.85),IF((D19*INPUTS!B10*K19*L19)<=75000,37750+(((D19*INPUTS!B10*K19*L19)-40000)*0.70),62250+(((D19*INPUTS!B10*K19*L19)-75000)*0.50)))) | N19: =MAX(IF(E19<0.8,(C19*0.8)-D19,IF(E19<1,(C19*1)-D19,IF(E19<1.2,(C19*1.2)-D19,IF(E19<1.4,(C19*1.4)-D19,(C19*1.5)-D19)))),0) | O19: =IF(E19<0.8,"Increase Sales Volume",IF(F19<0.6,"Activate More Branches",IF(G19<0.5,"Push Focus Products","Strong Performance")))
E20: =D20/C20 | J20: =MIN((E20*INPUTS!B16)+(F20*INPUTS!B17)+(G20*INPUTS!B18)+(H20*INPUTS!B19)+(I20*INPUTS!B20),1.5) | K20: =IF(J20<0.6,0.3,IF(J20<0.8,0.6,IF(J20<1,1,IF(J20<1.2,1.5,2)))) | M20: =IF((D20*INPUTS!B10*K20*L20)<=25000,(D20*INPUTS!B10*K20*L20),IF((D20*INPUTS!B10*K20*L20)<=40000,25000+(((D20*INPUTS!B10*K20*L20)-25000)*0.85),IF((D20*INPUTS!B10*K20*L20)<=75000,37750+(((D20*INPUTS!B10*K20*L20)-40000)*0.70),62250+(((D20*INPUTS!B10*K20*L20)-75000)*0.50)))) | N20: =MAX(IF(E20<0.8,(C20*0.8)-D20,IF(E20<1,(C20*1)-D20,IF(E20<1.2,(C20*1.2)-D20,IF(E20<1.4,(C20*1.4)-D20,(C20*1.5)-D20)))),0) | O20: =IF(E20<0.8,"Increase Sales Volume",IF(F20<0.6,"Activate More Branches",IF(G20<0.5,"Push Focus Products","Strong Performance")))
E21: =D21/C21 | J21: =MIN((E21*INPUTS!B16)+(F21*INPUTS!B17)+(G21*INPUTS!B18)+(H21*INPUTS!B19)+(I21*INPUTS!B20),1.5) | K21: =IF(J21<0.6,0.3,IF(J21<0.8,0.6,IF(J21<1,1,IF(J21<1.2,1.5,2)))) | M21: =IF((D21*INPUTS!B10*K21*L21)<=25000,(D21*INPUTS!B10*K21*L21),IF((D21*INPUTS!B10*K21*L21)<=40000,25000+(((D21*INPUTS!B10*K21*L21)-25000)*0.85),IF((D21*INPUTS!B10*K21*L21)<=75000,37750+(((D21*INPUTS!B10*K21*L21)-40000)*0.70),62250+(((D21*INPUTS!B10*K21*L21)-75000)*0.50)))) | N21: =MAX(IF(E21<0.8,(C21*0.8)-D21,IF(E21<1,(C21*1)-D21,IF(E21<1.2,(C21*1.2)-D21,IF(E21<1.4,(C21*1.4)-D21,(C21*1.5)-D21)))),0) | O21: =IF(E21<0.8,"Increase Sales Volume",IF(F21<0.6,"Activate More Branches",IF(G21<0.5,"Push Focus Products","Strong Performance")))
E22: =D22/C22 | J22: =MIN((E22*INPUTS!B16)+(F22*INPUTS!B17)+(G22*INPUTS!B18)+(H22*INPUTS!B19)+(I22*INPUTS!B20),1.5) | K22: =IF(J22<0.6,0.3,IF(J22<0.8,0.6,IF(J22<1,1,IF(J22<1.2,1.5,2)))) | M22: =IF((D22*INPUTS!B10*K22*L22)<=25000,(D22*INPUTS!B10*K22*L22),IF((D22*INPUTS!B10*K22*L22)<=40000,25000+(((D22*INPUTS!B10*K22*L22)-25000)*0.85),IF((D22*INPUTS!B10*K22*L22)<=75000,37750+(((D22*INPUTS!B10*K22*L22)-40000)*0.70),62250+(((D22*INPUTS!B10*K22*L22)-75000)*0.50)))) | N22: =MAX(IF(E22<0.8,(C22*0.8)-D22,IF(E22<1,(C22*1)-D22,IF(E22<1.2,(C22*1.2)-D22,IF(E22<1.4,(C22*1.4)-D22,(C22*1.5)-D22)))),0) | O22: =IF(E22<0.8,"Increase Sales Volume",IF(F22<0.6,"Activate More Branches",IF(G22<0.5,"Push Focus Products","Strong Performance")))
E23: =D23/C23 | J23: =MIN((E23*INPUTS!B16)+(F23*INPUTS!B17)+(G23*INPUTS!B18)+(H23*INPUTS!B19)+(I23*INPUTS!B20),1.5) | K23: =IF(J23<0.6,0.3,IF(J23<0.8,0.6,IF(J23<1,1,IF(J23<1.2,1.5,2)))) | M23: =IF((D23*INPUTS!B10*K23*L23)<=25000,(D23*INPUTS!B10*K23*L23),IF((D23*INPUTS!B10*K23*L23)<=40000,25000+(((D23*INPUTS!B10*K23*L23)-25000)*0.85),IF((D23*INPUTS!B10*K23*L23)<=75000,37750+(((D23*INPUTS!B10*K23*L23)-40000)*0.70),62250+(((D23*INPUTS!B10*K23*L23)-75000)*0.50)))) | N23: =MAX(IF(E23<0.8,(C23*0.8)-D23,IF(E23<1,(C23*1)-D23,IF(E23<1.2,(C23*1.2)-D23,IF(E23<1.4,(C23*1.4)-D23,(C23*1.5)-D23)))),0) | O23: =IF(E23<0.8,"Increase Sales Volume",IF(F23<0.6,"Activate More Branches",IF(G23<0.5,"Push Focus Products","Strong Performance")))
E24: =D24/C24 | J24: =MIN((E24*INPUTS!B16)+(F24*INPUTS!B17)+(G24*INPUTS!B18)+(H24*INPUTS!B19)+(I24*INPUTS!B20),1.5) | K24: =IF(J24<0.6,0.3,IF(J24<0.8,0.6,IF(J24<1,1,IF(J24<1.2,1.5,2)))) | M24: =IF((D24*INPUTS!B10*K24*L24)<=25000,(D24*INPUTS!B10*K24*L24),IF((D24*INPUTS!B10*K24*L24)<=40000,25000+(((D24*INPUTS!B10*K24*L24)-25000)*0.85),IF((D24*INPUTS!B10*K24*L24)<=75000,37750+(((D24*INPUTS!B10*K24*L24)-40000)*0.70),62250+(((D24*INPUTS!B10*K24*L24)-75000)*0.50)))) | N24: =MAX(IF(E24<0.8,(C24*0.8)-D24,IF(E24<1,(C24*1)-D24,IF(E24<1.2,(C24*1.2)-D24,IF(E24<1.4,(C24*1.4)-D24,(C24*1.5)-D24)))),0) | O24: =IF(E24<0.8,"Increase Sales Volume",IF(F24<0.6,"Activate More Branches",IF(G24<0.5,"Push Focus Products","Strong Performance")))
E25: =D25/C25 | J25: =MIN((E25*INPUTS!B16)+(F25*INPUTS!B17)+(G25*INPUTS!B18)+(H25*INPUTS!B19)+(I25*INPUTS!B20),1.5) | K25: =IF(J25<0.6,0.3,IF(J25<0.8,0.6,IF(J25<1,1,IF(J25<1.2,1.5,2)))) | M25: =IF((D25*INPUTS!B10*K25*L25)<=25000,(D25*INPUTS!B10*K25*L25),IF((D25*INPUTS!B10*K25*L25)<=40000,25000+(((D25*INPUTS!B10*K25*L25)-25000)*0.85),IF((D25*INPUTS!B10*K25*L25)<=75000,37750+(((D25*INPUTS!B10*K25*L25)-40000)*0.70),62250+(((D25*INPUTS!B10*K25*L25)-75000)*0.50)))) | N25: =MAX(IF(E25<0.8,(C25*0.8)-D25,IF(E25<1,(C25*1)-D25,IF(E25<1.2,(C25*1.2)-D25,IF(E25<1.4,(C25*1.4)-D25,(C25*1.5)-D25)))),0) | O25: =IF(E25<0.8,"Increase Sales Volume",IF(F25<0.6,"Activate More Branches",IF(G25<0.5,"Push Focus Products","Strong Performance")))
E26: =D26/C26 | J26: =MIN((E26*INPUTS!B16)+(F26*INPUTS!B17)+(G26*INPUTS!B18)+(H26*INPUTS!B19)+(I26*INPUTS!B20),1.5) | K26: =IF(J26<0.6,0.3,IF(J26<0.8,0.6,IF(J26<1,1,IF(J26<1.2,1.5,2)))) | M26: =IF((D26*INPUTS!B10*K26*L26)<=25000,(D26*INPUTS!B10*K26*L26),IF((D26*INPUTS!B10*K26*L26)<=40000,25000+(((D26*INPUTS!B10*K26*L26)-25000)*0.85),IF((D26*INPUTS!B10*K26*L26)<=75000,37750+(((D26*INPUTS!B10*K26*L26)-40000)*0.70),62250+(((D26*INPUTS!B10*K26*L26)-75000)*0.50)))) | N26: =MAX(IF(E26<0.8,(C26*0.8)-D26,IF(E26<1,(C26*1)-D26,IF(E26<1.2,(C26*1.2)-D26,IF(E26<1.4,(C26*1.4)-D26,(C26*1.5)-D26)))),0) | O26: =IF(E26<0.8,"Increase Sales Volume",IF(F26<0.6,"Activate More Branches",IF(G26<0.5,"Push Focus Products","Strong Performance")))
E27: =D27/C27 | J27: =MIN((E27*INPUTS!B16)+(F27*INPUTS!B17)+(G27*INPUTS!B18)+(H27*INPUTS!B19)+(I27*INPUTS!B20),1.5) | K27: =IF(J27<0.6,0.3,IF(J27<0.8,0.6,IF(J27<1,1,IF(J27<1.2,1.5,2)))) | M27: =IF((D27*INPUTS!B10*K27*L27)<=25000,(D27*INPUTS!B10*K27*L27),IF((D27*INPUTS!B10*K27*L27)<=40000,25000+(((D27*INPUTS!B10*K27*L27)-25000)*0.85),IF((D27*INPUTS!B10*K27*L27)<=75000,37750+(((D27*INPUTS!B10*K27*L27)-40000)*0.70),62250+(((D27*INPUTS!B10*K27*L27)-75000)*0.50)))) | N27: =MAX(IF(E27<0.8,(C27*0.8)-D27,IF(E27<1,(C27*1)-D27,IF(E27<1.2,(C27*1.2)-D27,IF(E27<1.4,(C27*1.4)-D27,(C27*1.5)-D27)))),0) | O27: =IF(E27<0.8,"Increase Sales Volume",IF(F27<0.6,"Activate More Branches",IF(G27<0.5,"Push Focus Products","Strong Performance")))
E28: =D28/C28 | J28: =MIN((E28*INPUTS!B16)+(F28*INPUTS!B17)+(G28*INPUTS!B18)+(H28*INPUTS!B19)+(I28*INPUTS!B20),1.5) | K28: =IF(J28<0.6,0.3,IF(J28<0.8,0.6,IF(J28<1,1,IF(J28<1.2,1.5,2)))) | M28: =IF((D28*INPUTS!B10*K28*L28)<=25000,(D28*INPUTS!B10*K28*L28),IF((D28*INPUTS!B10*K28*L28)<=40000,25000+(((D28*INPUTS!B10*K28*L28)-25000)*0.85),IF((D28*INPUTS!B10*K28*L28)<=75000,37750+(((D28*INPUTS!B10*K28*L28)-40000)*0.70),62250+(((D28*INPUTS!B10*K28*L28)-75000)*0.50)))) | N28: =MAX(IF(E28<0.8,(C28*0.8)-D28,IF(E28<1,(C28*1)-D28,IF(E28<1.2,(C28*1.2)-D28,IF(E28<1.4,(C28*1.4)-D28,(C28*1.5)-D28)))),0) | O28: =IF(E28<0.8,"Increase Sales Volume",IF(F28<0.6,"Activate More Branches",IF(G28<0.5,"Push Focus Products","Strong Performance")))
E29: =D29/C29 | J29: =MIN((E29*INPUTS!B16)+(F29*INPUTS!B17)+(G29*INPUTS!B18)+(H29*INPUTS!B19)+(I29*INPUTS!B20),1.5) | K29: =IF(J29<0.6,0.3,IF(J29<0.8,0.6,IF(J29<1,1,IF(J29<1.2,1.5,2)))) | M29: =IF((D29*INPUTS!B10*K29*L29)<=25000,(D29*INPUTS!B10*K29*L29),IF((D29*INPUTS!B10*K29*L29)<=40000,25000+(((D29*INPUTS!B10*K29*L29)-25000)*0.85),IF((D29*INPUTS!B10*K29*L29)<=75000,37750+(((D29*INPUTS!B10*K29*L29)-40000)*0.70),62250+(((D29*INPUTS!B10*K29*L29)-75000)*0.50)))) | N29: =MAX(IF(E29<0.8,(C29*0.8)-D29,IF(E29<1,(C29*1)-D29,IF(E29<1.2,(C29*1.2)-D29,IF(E29<1.4,(C29*1.4)-D29,(C29*1.5)-D29)))),0) | O29: =IF(E29<0.8,"Increase Sales Volume",IF(F29<0.6,"Activate More Branches",IF(G29<0.5,"Push Focus Products","Strong Performance")))
E30: =D30/C30 | J30: =MIN((E30*INPUTS!B16)+(F30*INPUTS!B17)+(G30*INPUTS!B18)+(H30*INPUTS!B19)+(I30*INPUTS!B20),1.5) | K30: =IF(J30<0.6,0.3,IF(J30<0.8,0.6,IF(J30<1,1,IF(J30<1.2,1.5,2)))) | M30: =IF((D30*INPUTS!B10*K30*L30)<=25000,(D30*INPUTS!B10*K30*L30),IF((D30*INPUTS!B10*K30*L30)<=40000,25000+(((D30*INPUTS!B10*K30*L30)-25000)*0.85),IF((D30*INPUTS!B10*K30*L30)<=75000,37750+(((D30*INPUTS!B10*K30*L30)-40000)*0.70),62250+(((D30*INPUTS!B10*K30*L30)-75000)*0.50)))) | N30: =MAX(IF(E30<0.8,(C30*0.8)-D30,IF(E30<1,(C30*1)-D30,IF(E30<1.2,(C30*1.2)-D30,IF(E30<1.4,(C30*1.4)-D30,(C30*1.5)-D30)))),0) | O30: =IF(E30<0.8,"Increase Sales Volume",IF(F30<0.6,"Activate More Branches",IF(G30<0.5,"Push Focus Products","Strong Performance")))
E31: =D31/C31 | J31: =MIN((E31*INPUTS!B16)+(F31*INPUTS!B17)+(G31*INPUTS!B18)+(H31*INPUTS!B19)+(I31*INPUTS!B20),1.5) | K31: =IF(J31<0.6,0.3,IF(J31<0.8,0.6,IF(J31<1,1,IF(J31<1.2,1.5,2)))) | M31: =IF((D31*INPUTS!B10*K31*L31)<=25000,(D31*INPUTS!B10*K31*L31),IF((D31*INPUTS!B10*K31*L31)<=40000,25000+(((D31*INPUTS!B10*K31*L31)-25000)*0.85),IF((D31*INPUTS!B10*K31*L31)<=75000,37750+(((D31*INPUTS!B10*K31*L31)-40000)*0.70),62250+(((D31*INPUTS!B10*K31*L31)-75000)*0.50)))) | N31: =MAX(IF(E31<0.8,(C31*0.8)-D31,IF(E31<1,(C31*1)-D31,IF(E31<1.2,(C31*1.2)-D31,IF(E31<1.4,(C31*1.4)-D31,(C31*1.5)-D31)))),0) | O31: =IF(E31<0.8,"Increase Sales Volume",IF(F31<0.6,"Activate More Branches",IF(G31<0.5,"Push Focus Products","Strong Performance")))
E32: =D32/C32 | J32: =MIN((E32*INPUTS!B16)+(F32*INPUTS!B17)+(G32*INPUTS!B18)+(H32*INPUTS!B19)+(I32*INPUTS!B20),1.5) | K32: =IF(J32<0.6,0.3,IF(J32<0.8,0.6,IF(J32<1,1,IF(J32<1.2,1.5,2)))) | M32: =IF((D32*INPUTS!B10*K32*L32)<=25000,(D32*INPUTS!B10*K32*L32),IF((D32*INPUTS!B10*K32*L32)<=40000,25000+(((D32*INPUTS!B10*K32*L32)-25000)*0.85),IF((D32*INPUTS!B10*K32*L32)<=75000,37750+(((D32*INPUTS!B10*K32*L32)-40000)*0.70),62250+(((D32*INPUTS!B10*K32*L32)-75000)*0.50)))) | N32: =MAX(IF(E32<0.8,(C32*0.8)-D32,IF(E32<1,(C32*1)-D32,IF(E32<1.2,(C32*1.2)-D32,IF(E32<1.4,(C32*1.4)-D32,(C32*1.5)-D32)))),0) | O32: =IF(E32<0.8,"Increase Sales Volume",IF(F32<0.6,"Activate More Branches",IF(G32<0.5,"Push Focus Products","Strong Performance")))
E33: =D33/C33 | J33: =MIN((E33*INPUTS!B16)+(F33*INPUTS!B17)+(G33*INPUTS!B18)+(H33*INPUTS!B19)+(I33*INPUTS!B20),1.5) | K33: =IF(J33<0.6,0.3,IF(J33<0.8,0.6,IF(J33<1,1,IF(J33<1.2,1.5,2)))) | M33: =IF((D33*INPUTS!B10*K33*L33)<=25000,(D33*INPUTS!B10*K33*L33),IF((D33*INPUTS!B10*K33*L33)<=40000,25000+(((D33*INPUTS!B10*K33*L33)-25000)*0.85),IF((D33*INPUTS!B10*K33*L33)<=75000,37750+(((D33*INPUTS!B10*K33*L33)-40000)*0.70),62250+(((D33*INPUTS!B10*K33*L33)-75000)*0.50)))) | N33: =MAX(IF(E33<0.8,(C33*0.8)-D33,IF(E33<1,(C33*1)-D33,IF(E33<1.2,(C33*1.2)-D33,IF(E33<1.4,(C33*1.4)-D33,(C33*1.5)-D33)))),0) | O33: =IF(E33<0.8,"Increase Sales Volume",IF(F33<0.6,"Activate More Branches",IF(G33<0.5,"Push Focus Products","Strong Performance")))
E34: =D34/C34 | J34: =MIN((E34*INPUTS!B16)+(F34*INPUTS!B17)+(G34*INPUTS!B18)+(H34*INPUTS!B19)+(I34*INPUTS!B20),1.5) | K34: =IF(J34<0.6,0.3,IF(J34<0.8,0.6,IF(J34<1,1,IF(J34<1.2,1.5,2)))) | M34: =IF((D34*INPUTS!B10*K34*L34)<=25000,(D34*INPUTS!B10*K34*L34),IF((D34*INPUTS!B10*K34*L34)<=40000,25000+(((D34*INPUTS!B10*K34*L34)-25000)*0.85),IF((D34*INPUTS!B10*K34*L34)<=75000,37750+(((D34*INPUTS!B10*K34*L34)-40000)*0.70),62250+(((D34*INPUTS!B10*K34*L34)-75000)*0.50)))) | N34: =MAX(IF(E34<0.8,(C34*0.8)-D34,IF(E34<1,(C34*1)-D34,IF(E34<1.2,(C34*1.2)-D34,IF(E34<1.4,(C34*1.4)-D34,(C34*1.5)-D34)))),0) | O34: =IF(E34<0.8,"Increase Sales Volume",IF(F34<0.6,"Activate More Branches",IF(G34<0.5,"Push Focus Products","Strong Performance")))
E35: =D35/C35 | J35: =MIN((E35*INPUTS!B16)+(F35*INPUTS!B17)+(G35*INPUTS!B18)+(H35*INPUTS!B19)+(I35*INPUTS!B20),1.5) | K35: =IF(J35<0.6,0.3,IF(J35<0.8,0.6,IF(J35<1,1,IF(J35<1.2,1.5,2)))) | M35: =IF((D35*INPUTS!B10*K35*L35)<=25000,(D35*INPUTS!B10*K35*L35),IF((D35*INPUTS!B10*K35*L35)<=40000,25000+(((D35*INPUTS!B10*K35*L35)-25000)*0.85),IF((D35*INPUTS!B10*K35*L35)<=75000,37750+(((D35*INPUTS!B10*K35*L35)-40000)*0.70),62250+(((D35*INPUTS!B10*K35*L35)-75000)*0.50)))) | N35: =MAX(IF(E35<0.8,(C35*0.8)-D35,IF(E35<1,(C35*1)-D35,IF(E35<1.2,(C35*1.2)-D35,IF(E35<1.4,(C35*1.4)-D35,(C35*1.5)-D35)))),0) | O35: =IF(E35<0.8,"Increase Sales Volume",IF(F35<0.6,"Activate More Branches",IF(G35<0.5,"Push Focus Products","Strong Performance")))
E36: =D36/C36 | J36: =MIN((E36*INPUTS!B16)+(F36*INPUTS!B17)+(G36*INPUTS!B18)+(H36*INPUTS!B19)+(I36*INPUTS!B20),1.5) | K36: =IF(J36<0.6,0.3,IF(J36<0.8,0.6,IF(J36<1,1,IF(J36<1.2,1.5,2)))) | M36: =IF((D36*INPUTS!B10*K36*L36)<=25000,(D36*INPUTS!B10*K36*L36),IF((D36*INPUTS!B10*K36*L36)<=40000,25000+(((D36*INPUTS!B10*K36*L36)-25000)*0.85),IF((D36*INPUTS!B10*K36*L36)<=75000,37750+(((D36*INPUTS!B10*K36*L36)-40000)*0.70),62250+(((D36*INPUTS!B10*K36*L36)-75000)*0.50)))) | N36: =MAX(IF(E36<0.8,(C36*0.8)-D36,IF(E36<1,(C36*1)-D36,IF(E36<1.2,(C36*1.2)-D36,IF(E36<1.4,(C36*1.4)-D36,(C36*1.5)-D36)))),0) | O36: =IF(E36<0.8,"Increase Sales Volume",IF(F36<0.6,"Activate More Branches",IF(G36<0.5,"Push Focus Products","Strong Performance")))
E37: =D37/C37 | J37: =MIN((E37*INPUTS!B16)+(F37*INPUTS!B17)+(G37*INPUTS!B18)+(H37*INPUTS!B19)+(I37*INPUTS!B20),1.5) | K37: =IF(J37<0.6,0.3,IF(J37<0.8,0.6,IF(J37<1,1,IF(J37<1.2,1.5,2)))) | M37: =IF((D37*INPUTS!B10*K37*L37)<=25000,(D37*INPUTS!B10*K37*L37),IF((D37*INPUTS!B10*K37*L37)<=40000,25000+(((D37*INPUTS!B10*K37*L37)-25000)*0.85),IF((D37*INPUTS!B10*K37*L37)<=75000,37750+(((D37*INPUTS!B10*K37*L37)-40000)*0.70),62250+(((D37*INPUTS!B10*K37*L37)-75000)*0.50)))) | N37: =MAX(IF(E37<0.8,(C37*0.8)-D37,IF(E37<1,(C37*1)-D37,IF(E37<1.2,(C37*1.2)-D37,IF(E37<1.4,(C37*1.4)-D37,(C37*1.5)-D37)))),0) | O37: =IF(E37<0.8,"Increase Sales Volume",IF(F37<0.6,"Activate More Branches",IF(G37<0.5,"Push Focus Products","Strong Performance")))
E38: =D38/C38 | J38: =MIN((E38*INPUTS!B16)+(F38*INPUTS!B17)+(G38*INPUTS!B18)+(H38*INPUTS!B19)+(I38*INPUTS!B20),1.5) | K38: =IF(J38<0.6,0.3,IF(J38<0.8,0.6,IF(J38<1,1,IF(J38<1.2,1.5,2)))) | M38: =IF((D38*INPUTS!B10*K38*L38)<=25000,(D38*INPUTS!B10*K38*L38),IF((D38*INPUTS!B10*K38*L38)<=40000,25000+(((D38*INPUTS!B10*K38*L38)-25000)*0.85),IF((D38*INPUTS!B10*K38*L38)<=75000,37750+(((D38*INPUTS!B10*K38*L38)-40000)*0.70),62250+(((D38*INPUTS!B10*K38*L38)-75000)*0.50)))) | N38: =MAX(IF(E38<0.8,(C38*0.8)-D38,IF(E38<1,(C38*1)-D38,IF(E38<1.2,(C38*1.2)-D38,IF(E38<1.4,(C38*1.4)-D38,(C38*1.5)-D38)))),0) | O38: =IF(E38<0.8,"Increase Sales Volume",IF(F38<0.6,"Activate More Branches",IF(G38<0.5,"Push Focus Products","Strong Performance")))
E39: =D39/C39 | J39: =MIN((E39*INPUTS!B16)+(F39*INPUTS!B17)+(G39*INPUTS!B18)+(H39*INPUTS!B19)+(I39*INPUTS!B20),1.5) | K39: =IF(J39<0.6,0.3,IF(J39<0.8,0.6,IF(J39<1,1,IF(J39<1.2,1.5,2)))) | M39: =IF((D39*INPUTS!B10*K39*L39)<=25000,(D39*INPUTS!B10*K39*L39),IF((D39*INPUTS!B10*K39*L39)<=40000,25000+(((D39*INPUTS!B10*K39*L39)-25000)*0.85),IF((D39*INPUTS!B10*K39*L39)<=75000,37750+(((D39*INPUTS!B10*K39*L39)-40000)*0.70),62250+(((D39*INPUTS!B10*K39*L39)-75000)*0.50)))) | N39: =MAX(IF(E39<0.8,(C39*0.8)-D39,IF(E39<1,(C39*1)-D39,IF(E39<1.2,(C39*1.2)-D39,IF(E39<1.4,(C39*1.4)-D39,(C39*1.5)-D39)))),0) | O39: =IF(E39<0.8,"Increase Sales Volume",IF(F39<0.6,"Activate More Branches",IF(G39<0.5,"Push Focus Products","Strong Performance")))
E40: =D40/C40 | J40: =MIN((E40*INPUTS!B16)+(F40*INPUTS!B17)+(G40*INPUTS!B18)+(H40*INPUTS!B19)+(I40*INPUTS!B20),1.5) | K40: =IF(J40<0.6,0.3,IF(J40<0.8,0.6,IF(J40<1,1,IF(J40<1.2,1.5,2)))) | M40: =IF((D40*INPUTS!B10*K40*L40)<=25000,(D40*INPUTS!B10*K40*L40),IF((D40*INPUTS!B10*K40*L40)<=40000,25000+(((D40*INPUTS!B10*K40*L40)-25000)*0.85),IF((D40*INPUTS!B10*K40*L40)<=75000,37750+(((D40*INPUTS!B10*K40*L40)-40000)*0.70),62250+(((D40*INPUTS!B10*K40*L40)-75000)*0.50)))) | N40: =MAX(IF(E40<0.8,(C40*0.8)-D40,IF(E40<1,(C40*1)-D40,IF(E40<1.2,(C40*1.2)-D40,IF(E40<1.4,(C40*1.4)-D40,(C40*1.5)-D40)))),0) | O40: =IF(E40<0.8,"Increase Sales Volume",IF(F40<0.6,"Activate More Branches",IF(G40<0.5,"Push Focus Products","Strong Performance")))
E41: =D41/C41 | J41: =MIN((E41*INPUTS!B16)+(F41*INPUTS!B17)+(G41*INPUTS!B18)+(H41*INPUTS!B19)+(I41*INPUTS!B20),1.5) | K41: =IF(J41<0.6,0.3,IF(J41<0.8,0.6,IF(J41<1,1,IF(J41<1.2,1.5,2)))) | M41: =IF((D41*INPUTS!B10*K41*L41)<=25000,(D41*INPUTS!B10*K41*L41),IF((D41*INPUTS!B10*K41*L41)<=40000,25000+(((D41*INPUTS!B10*K41*L41)-25000)*0.85),IF((D41*INPUTS!B10*K41*L41)<=75000,37750+(((D41*INPUTS!B10*K41*L41)-40000)*0.70),62250+(((D41*INPUTS!B10*K41*L41)-75000)*0.50)))) | N41: =MAX(IF(E41<0.8,(C41*0.8)-D41,IF(E41<1,(C41*1)-D41,IF(E41<1.2,(C41*1.2)-D41,IF(E41<1.4,(C41*1.4)-D41,(C41*1.5)-D41)))),0) | O41: =IF(E41<0.8,"Increase Sales Volume",IF(F41<0.6,"Activate More Branches",IF(G41<0.5,"Push Focus Products","Strong Performance")))
E42: =D42/C42 | J42: =MIN((E42*INPUTS!B16)+(F42*INPUTS!B17)+(G42*INPUTS!B18)+(H42*INPUTS!B19)+(I42*INPUTS!B20),1.5) | K42: =IF(J42<0.6,0.3,IF(J42<0.8,0.6,IF(J42<1,1,IF(J42<1.2,1.5,2)))) | M42: =IF((D42*INPUTS!B10*K42*L42)<=25000,(D42*INPUTS!B10*K42*L42),IF((D42*INPUTS!B10*K42*L42)<=40000,25000+(((D42*INPUTS!B10*K42*L42)-25000)*0.85),IF((D42*INPUTS!B10*K42*L42)<=75000,37750+(((D42*INPUTS!B10*K42*L42)-40000)*0.70),62250+(((D42*INPUTS!B10*K42*L42)-75000)*0.50)))) | N42: =MAX(IF(E42<0.8,(C42*0.8)-D42,IF(E42<1,(C42*1)-D42,IF(E42<1.2,(C42*1.2)-D42,IF(E42<1.4,(C42*1.4)-D42,(C42*1.5)-D42)))),0) | O42: =IF(E42<0.8,"Increase Sales Volume",IF(F42<0.6,"Activate More Branches",IF(G42<0.5,"Push Focus Products","Strong Performance")))
E43: =D43/C43 | J43: =MIN((E43*INPUTS!B16)+(F43*INPUTS!B17)+(G43*INPUTS!B18)+(H43*INPUTS!B19)+(I43*INPUTS!B20),1.5) | K43: =IF(J43<0.6,0.3,IF(J43<0.8,0.6,IF(J43<1,1,IF(J43<1.2,1.5,2)))) | M43: =IF((D43*INPUTS!B10*K43*L43)<=25000,(D43*INPUTS!B10*K43*L43),IF((D43*INPUTS!B10*K43*L43)<=40000,25000+(((D43*INPUTS!B10*K43*L43)-25000)*0.85),IF((D43*INPUTS!B10*K43*L43)<=75000,37750+(((D43*INPUTS!B10*K43*L43)-40000)*0.70),62250+(((D43*INPUTS!B10*K43*L43)-75000)*0.50)))) | N43: =MAX(IF(E43<0.8,(C43*0.8)-D43,IF(E43<1,(C43*1)-D43,IF(E43<1.2,(C43*1.2)-D43,IF(E43<1.4,(C43*1.4)-D43,(C43*1.5)-D43)))),0) | O43: =IF(E43<0.8,"Increase Sales Volume",IF(F43<0.6,"Activate More Branches",IF(G43<0.5,"Push Focus Products","Strong Performance")))
E44: =D44/C44 | J44: =MIN((E44*INPUTS!B16)+(F44*INPUTS!B17)+(G44*INPUTS!B18)+(H44*INPUTS!B19)+(I44*INPUTS!B20),1.5) | K44: =IF(J44<0.6,0.3,IF(J44<0.8,0.6,IF(J44<1,1,IF(J44<1.2,1.5,2)))) | M44: =IF((D44*INPUTS!B10*K44*L44)<=25000,(D44*INPUTS!B10*K44*L44),IF((D44*INPUTS!B10*K44*L44)<=40000,25000+(((D44*INPUTS!B10*K44*L44)-25000)*0.85),IF((D44*INPUTS!B10*K44*L44)<=75000,37750+(((D44*INPUTS!B10*K44*L44)-40000)*0.70),62250+(((D44*INPUTS!B10*K44*L44)-75000)*0.50)))) | N44: =MAX(IF(E44<0.8,(C44*0.8)-D44,IF(E44<1,(C44*1)-D44,IF(E44<1.2,(C44*1.2)-D44,IF(E44<1.4,(C44*1.4)-D44,(C44*1.5)-D44)))),0) | O44: =IF(E44<0.8,"Increase Sales Volume",IF(F44<0.6,"Activate More Branches",IF(G44<0.5,"Push Focus Products","Strong Performance")))
E45: =D45/C45 | J45: =MIN((E45*INPUTS!B16)+(F45*INPUTS!B17)+(G45*INPUTS!B18)+(H45*INPUTS!B19)+(I45*INPUTS!B20),1.5) | K45: =IF(J45<0.6,0.3,IF(J45<0.8,0.6,IF(J45<1,1,IF(J45<1.2,1.5,2)))) | M45: =IF((D45*INPUTS!B10*K45*L45)<=25000,(D45*INPUTS!B10*K45*L45),IF((D45*INPUTS!B10*K45*L45)<=40000,25000+(((D45*INPUTS!B10*K45*L45)-25000)*0.85),IF((D45*INPUTS!B10*K45*L45)<=75000,37750+(((D45*INPUTS!B10*K45*L45)-40000)*0.70),62250+(((D45*INPUTS!B10*K45*L45)-75000)*0.50)))) | N45: =MAX(IF(E45<0.8,(C45*0.8)-D45,IF(E45<1,(C45*1)-D45,IF(E45<1.2,(C45*1.2)-D45,IF(E45<1.4,(C45*1.4)-D45,(C45*1.5)-D45)))),0) | O45: =IF(E45<0.8,"Increase Sales Volume",IF(F45<0.6,"Activate More Branches",IF(G45<0.5,"Push Focus Products","Strong Performance")))
E46: =D46/C46 | J46: =MIN((E46*INPUTS!B16)+(F46*INPUTS!B17)+(G46*INPUTS!B18)+(H46*INPUTS!B19)+(I46*INPUTS!B20),1.5) | K46: =IF(J46<0.6,0.3,IF(J46<0.8,0.6,IF(J46<1,1,IF(J46<1.2,1.5,2)))) | M46: =IF((D46*INPUTS!B10*K46*L46)<=25000,(D46*INPUTS!B10*K46*L46),IF((D46*INPUTS!B10*K46*L46)<=40000,25000+(((D46*INPUTS!B10*K46*L46)-25000)*0.85),IF((D46*INPUTS!B10*K46*L46)<=75000,37750+(((D46*INPUTS!B10*K46*L46)-40000)*0.70),62250+(((D46*INPUTS!B10*K46*L46)-75000)*0.50)))) | N46: =MAX(IF(E46<0.8,(C46*0.8)-D46,IF(E46<1,(C46*1)-D46,IF(E46<1.2,(C46*1.2)-D46,IF(E46<1.4,(C46*1.4)-D46,(C46*1.5)-D46)))),0) | O46: =IF(E46<0.8,"Increase Sales Volume",IF(F46<0.6,"Activate More Branches",IF(G46<0.5,"Push Focus Products","Strong Performance")))
E47: =D47/C47 | J47: =MIN((E47*INPUTS!B16)+(F47*INPUTS!B17)+(G47*INPUTS!B18)+(H47*INPUTS!B19)+(I47*INPUTS!B20),1.5) | K47: =IF(J47<0.6,0.3,IF(J47<0.8,0.6,IF(J47<1,1,IF(J47<1.2,1.5,2)))) | M47: =IF((D47*INPUTS!B10*K47*L47)<=25000,(D47*INPUTS!B10*K47*L47),IF((D47*INPUTS!B10*K47*L47)<=40000,25000+(((D47*INPUTS!B10*K47*L47)-25000)*0.85),IF((D47*INPUTS!B10*K47*L47)<=75000,37750+(((D47*INPUTS!B10*K47*L47)-40000)*0.70),62250+(((D47*INPUTS!B10*K47*L47)-75000)*0.50)))) | N47: =MAX(IF(E47<0.8,(C47*0.8)-D47,IF(E47<1,(C47*1)-D47,IF(E47<1.2,(C47*1.2)-D47,IF(E47<1.4,(C47*1.4)-D47,(C47*1.5)-D47)))),0) | O47: =IF(E47<0.8,"Increase Sales Volume",IF(F47<0.6,"Activate More Branches",IF(G47<0.5,"Push Focus Products","Strong Performance")))
E48: =D48/C48 | J48: =MIN((E48*INPUTS!B16)+(F48*INPUTS!B17)+(G48*INPUTS!B18)+(H48*INPUTS!B19)+(I48*INPUTS!B20),1.5) | K48: =IF(J48<0.6,0.3,IF(J48<0.8,0.6,IF(J48<1,1,IF(J48<1.2,1.5,2)))) | M48: =IF((D48*INPUTS!B10*K48*L48)<=25000,(D48*INPUTS!B10*K48*L48),IF((D48*INPUTS!B10*K48*L48)<=40000,25000+(((D48*INPUTS!B10*K48*L48)-25000)*0.85),IF((D48*INPUTS!B10*K48*L48)<=75000,37750+(((D48*INPUTS!B10*K48*L48)-40000)*0.70),62250+(((D48*INPUTS!B10*K48*L48)-75000)*0.50)))) | N48: =MAX(IF(E48<0.8,(C48*0.8)-D48,IF(E48<1,(C48*1)-D48,IF(E48<1.2,(C48*1.2)-D48,IF(E48<1.4,(C48*1.4)-D48,(C48*1.5)-D48)))),0) | O48: =IF(E48<0.8,"Increase Sales Volume",IF(F48<0.6,"Activate More Branches",IF(G48<0.5,"Push Focus Products","Strong Performance")))
E49: =D49/C49 | J49: =MIN((E49*INPUTS!B16)+(F49*INPUTS!B17)+(G49*INPUTS!B18)+(H49*INPUTS!B19)+(I49*INPUTS!B20),1.5) | K49: =IF(J49<0.6,0.3,IF(J49<0.8,0.6,IF(J49<1,1,IF(J49<1.2,1.5,2)))) | M49: =IF((D49*INPUTS!B10*K49*L49)<=25000,(D49*INPUTS!B10*K49*L49),IF((D49*INPUTS!B10*K49*L49)<=40000,25000+(((D49*INPUTS!B10*K49*L49)-25000)*0.85),IF((D49*INPUTS!B10*K49*L49)<=75000,37750+(((D49*INPUTS!B10*K49*L49)-40000)*0.70),62250+(((D49*INPUTS!B10*K49*L49)-75000)*0.50)))) | N49: =MAX(IF(E49<0.8,(C49*0.8)-D49,IF(E49<1,(C49*1)-D49,IF(E49<1.2,(C49*1.2)-D49,IF(E49<1.4,(C49*1.4)-D49,(C49*1.5)-D49)))),0) | O49: =IF(E49<0.8,"Increase Sales Volume",IF(F49<0.6,"Activate More Branches",IF(G49<0.5,"Push Focus Products","Strong Performance")))
E50: =D50/C50 | J50: =MIN((E50*INPUTS!B16)+(F50*INPUTS!B17)+(G50*INPUTS!B18)+(H50*INPUTS!B19)+(I50*INPUTS!B20),1.5) | K50: =IF(J50<0.6,0.3,IF(J50<0.8,0.6,IF(J50<1,1,IF(J50<1.2,1.5,2)))) | M50: =IF((D50*INPUTS!B10*K50*L50)<=25000,(D50*INPUTS!B10*K50*L50),IF((D50*INPUTS!B10*K50*L50)<=40000,25000+(((D50*INPUTS!B10*K50*L50)-25000)*0.85),IF((D50*INPUTS!B10*K50*L50)<=75000,37750+(((D50*INPUTS!B10*K50*L50)-40000)*0.70),62250+(((D50*INPUTS!B10*K50*L50)-75000)*0.50)))) | N50: =MAX(IF(E50<0.8,(C50*0.8)-D50,IF(E50<1,(C50*1)-D50,IF(E50<1.2,(C50*1.2)-D50,IF(E50<1.4,(C50*1.4)-D50,(C50*1.5)-D50)))),0) | O50: =IF(E50<0.8,"Increase Sales Volume",IF(F50<0.6,"Activate More Branches",IF(G50<0.5,"Push Focus Products","Strong Performance")))
E51: =D51/C51 | J51: =MIN((E51*INPUTS!B16)+(F51*INPUTS!B17)+(G51*INPUTS!B18)+(H51*INPUTS!B19)+(I51*INPUTS!B20),1.5) | K51: =IF(J51<0.6,0.3,IF(J51<0.8,0.6,IF(J51<1,1,IF(J51<1.2,1.5,2)))) | M51: =IF((D51*INPUTS!B10*K51*L51)<=25000,(D51*INPUTS!B10*K51*L51),IF((D51*INPUTS!B10*K51*L51)<=40000,25000+(((D51*INPUTS!B10*K51*L51)-25000)*0.85),IF((D51*INPUTS!B10*K51*L51)<=75000,37750+(((D51*INPUTS!B10*K51*L51)-40000)*0.70),62250+(((D51*INPUTS!B10*K51*L51)-75000)*0.50)))) | N51: =MAX(IF(E51<0.8,(C51*0.8)-D51,IF(E51<1,(C51*1)-D51,IF(E51<1.2,(C51*1.2)-D51,IF(E51<1.4,(C51*1.4)-D51,(C51*1.5)-D51)))),0) | O51: =IF(E51<0.8,"Increase Sales Volume",IF(F51<0.6,"Activate More Branches",IF(G51<0.5,"Push Focus Products","Strong Performance")))
E52: =D52/C52 | J52: =MIN((E52*INPUTS!B16)+(F52*INPUTS!B17)+(G52*INPUTS!B18)+(H52*INPUTS!B19)+(I52*INPUTS!B20),1.5) | K52: =IF(J52<0.6,0.3,IF(J52<0.8,0.6,IF(J52<1,1,IF(J52<1.2,1.5,2)))) | M52: =IF((D52*INPUTS!B10*K52*L52)<=25000,(D52*INPUTS!B10*K52*L52),IF((D52*INPUTS!B10*K52*L52)<=40000,25000+(((D52*INPUTS!B10*K52*L52)-25000)*0.85),IF((D52*INPUTS!B10*K52*L52)<=75000,37750+(((D52*INPUTS!B10*K52*L52)-40000)*0.70),62250+(((D52*INPUTS!B10*K52*L52)-75000)*0.50)))) | N52: =MAX(IF(E52<0.8,(C52*0.8)-D52,IF(E52<1,(C52*1)-D52,IF(E52<1.2,(C52*1.2)-D52,IF(E52<1.4,(C52*1.4)-D52,(C52*1.5)-D52)))),0) | O52: =IF(E52<0.8,"Increase Sales Volume",IF(F52<0.6,"Activate More Branches",IF(G52<0.5,"Push Focus Products","Strong Performance")))
E53: =D53/C53 | J53: =MIN((E53*INPUTS!B16)+(F53*INPUTS!B17)+(G53*INPUTS!B18)+(H53*INPUTS!B19)+(I53*INPUTS!B20),1.5) | K53: =IF(J53<0.6,0.3,IF(J53<0.8,0.6,IF(J53<1,1,IF(J53<1.2,1.5,2)))) | M53: =IF((D53*INPUTS!B10*K53*L53)<=25000,(D53*INPUTS!B10*K53*L53),IF((D53*INPUTS!B10*K53*L53)<=40000,25000+(((D53*INPUTS!B10*K53*L53)-25000)*0.85),IF((D53*INPUTS!B10*K53*L53)<=75000,37750+(((D53*INPUTS!B10*K53*L53)-40000)*0.70),62250+(((D53*INPUTS!B10*K53*L53)-75000)*0.50)))) | N53: =MAX(IF(E53<0.8,(C53*0.8)-D53,IF(E53<1,(C53*1)-D53,IF(E53<1.2,(C53*1.2)-D53,IF(E53<1.4,(C53*1.4)-D53,(C53*1.5)-D53)))),0) | O53: =IF(E53<0.8,"Increase Sales Volume",IF(F53<0.6,"Activate More Branches",IF(G53<0.5,"Push Focus Products","Strong Performance")))
E54: =D54/C54 | J54: =MIN((E54*INPUTS!B16)+(F54*INPUTS!B17)+(G54*INPUTS!B18)+(H54*INPUTS!B19)+(I54*INPUTS!B20),1.5) | K54: =IF(J54<0.6,0.3,IF(J54<0.8,0.6,IF(J54<1,1,IF(J54<1.2,1.5,2)))) | M54: =IF((D54*INPUTS!B10*K54*L54)<=25000,(D54*INPUTS!B10*K54*L54),IF((D54*INPUTS!B10*K54*L54)<=40000,25000+(((D54*INPUTS!B10*K54*L54)-25000)*0.85),IF((D54*INPUTS!B10*K54*L54)<=75000,37750+(((D54*INPUTS!B10*K54*L54)-40000)*0.70),62250+(((D54*INPUTS!B10*K54*L54)-75000)*0.50)))) | N54: =MAX(IF(E54<0.8,(C54*0.8)-D54,IF(E54<1,(C54*1)-D54,IF(E54<1.2,(C54*1.2)-D54,IF(E54<1.4,(C54*1.4)-D54,(C54*1.5)-D54)))),0) | O54: =IF(E54<0.8,"Increase Sales Volume",IF(F54<0.6,"Activate More Branches",IF(G54<0.5,"Push Focus Products","Strong Performance")))
E55: =D55/C55 | J55: =MIN((E55*INPUTS!B16)+(F55*INPUTS!B17)+(G55*INPUTS!B18)+(H55*INPUTS!B19)+(I55*INPUTS!B20),1.5) | K55: =IF(J55<0.6,0.3,IF(J55<0.8,0.6,IF(J55<1,1,IF(J55<1.2,1.5,2)))) | M55: =IF((D55*INPUTS!B10*K55*L55)<=25000,(D55*INPUTS!B10*K55*L55),IF((D55*INPUTS!B10*K55*L55)<=40000,25000+(((D55*INPUTS!B10*K55*L55)-25000)*0.85),IF((D55*INPUTS!B10*K55*L55)<=75000,37750+(((D55*INPUTS!B10*K55*L55)-40000)*0.70),62250+(((D55*INPUTS!B10*K55*L55)-75000)*0.50)))) | N55: =MAX(IF(E55<0.8,(C55*0.8)-D55,IF(E55<1,(C55*1)-D55,IF(E55<1.2,(C55*1.2)-D55,IF(E55<1.4,(C55*1.4)-D55,(C55*1.5)-D55)))),0) | O55: =IF(E55<0.8,"Increase Sales Volume",IF(F55<0.6,"Activate More Branches",IF(G55<0.5,"Push Focus Products","Strong Performance")))
E56: =D56/C56 | J56: =MIN((E56*INPUTS!B16)+(F56*INPUTS!B17)+(G56*INPUTS!B18)+(H56*INPUTS!B19)+(I56*INPUTS!B20),1.5) | K56: =IF(J56<0.6,0.3,IF(J56<0.8,0.6,IF(J56<1,1,IF(J56<1.2,1.5,2)))) | M56: =IF((D56*INPUTS!B10*K56*L56)<=25000,(D56*INPUTS!B10*K56*L56),IF((D56*INPUTS!B10*K56*L56)<=40000,25000+(((D56*INPUTS!B10*K56*L56)-25000)*0.85),IF((D56*INPUTS!B10*K56*L56)<=75000,37750+(((D56*INPUTS!B10*K56*L56)-40000)*0.70),62250+(((D56*INPUTS!B10*K56*L56)-75000)*0.50)))) | N56: =MAX(IF(E56<0.8,(C56*0.8)-D56,IF(E56<1,(C56*1)-D56,IF(E56<1.2,(C56*1.2)-D56,IF(E56<1.4,(C56*1.4)-D56,(C56*1.5)-D56)))),0) | O56: =IF(E56<0.8,"Increase Sales Volume",IF(F56<0.6,"Activate More Branches",IF(G56<0.5,"Push Focus Products","Strong Performance")))
E57: =D57/C57 | J57: =MIN((E57*INPUTS!B16)+(F57*INPUTS!B17)+(G57*INPUTS!B18)+(H57*INPUTS!B19)+(I57*INPUTS!B20),1.5) | K57: =IF(J57<0.6,0.3,IF(J57<0.8,0.6,IF(J57<1,1,IF(J57<1.2,1.5,2)))) | M57: =IF((D57*INPUTS!B10*K57*L57)<=25000,(D57*INPUTS!B10*K57*L57),IF((D57*INPUTS!B10*K57*L57)<=40000,25000+(((D57*INPUTS!B10*K57*L57)-25000)*0.85),IF((D57*INPUTS!B10*K57*L57)<=75000,37750+(((D57*INPUTS!B10*K57*L57)-40000)*0.70),62250+(((D57*INPUTS!B10*K57*L57)-75000)*0.50)))) | N57: =MAX(IF(E57<0.8,(C57*0.8)-D57,IF(E57<1,(C57*1)-D57,IF(E57<1.2,(C57*1.2)-D57,IF(E57<1.4,(C57*1.4)-D57,(C57*1.5)-D57)))),0) | O57: =IF(E57<0.8,"Increase Sales Volume",IF(F57<0.6,"Activate More Branches",IF(G57<0.5,"Push Focus Products","Strong Performance")))
E58: =D58/C58 | J58: =MIN((E58*INPUTS!B16)+(F58*INPUTS!B17)+(G58*INPUTS!B18)+(H58*INPUTS!B19)+(I58*INPUTS!B20),1.5) | K58: =IF(J58<0.6,0.3,IF(J58<0.8,0.6,IF(J58<1,1,IF(J58<1.2,1.5,2)))) | M58: =IF((D58*INPUTS!B10*K58*L58)<=25000,(D58*INPUTS!B10*K58*L58),IF((D58*INPUTS!B10*K58*L58)<=40000,25000+(((D58*INPUTS!B10*K58*L58)-25000)*0.85),IF((D58*INPUTS!B10*K58*L58)<=75000,37750+(((D58*INPUTS!B10*K58*L58)-40000)*0.70),62250+(((D58*INPUTS!B10*K58*L58)-75000)*0.50)))) | N58: =MAX(IF(E58<0.8,(C58*0.8)-D58,IF(E58<1,(C58*1)-D58,IF(E58<1.2,(C58*1.2)-D58,IF(E58<1.4,(C58*1.4)-D58,(C58*1.5)-D58)))),0) | O58: =IF(E58<0.8,"Increase Sales Volume",IF(F58<0.6,"Activate More Branches",IF(G58<0.5,"Push Focus Products","Strong Performance")))
E59: =D59/C59 | J59: =MIN((E59*INPUTS!B16)+(F59*INPUTS!B17)+(G59*INPUTS!B18)+(H59*INPUTS!B19)+(I59*INPUTS!B20),1.5) | K59: =IF(J59<0.6,0.3,IF(J59<0.8,0.6,IF(J59<1,1,IF(J59<1.2,1.5,2)))) | M59: =IF((D59*INPUTS!B10*K59*L59)<=25000,(D59*INPUTS!B10*K59*L59),IF((D59*INPUTS!B10*K59*L59)<=40000,25000+(((D59*INPUTS!B10*K59*L59)-25000)*0.85),IF((D59*INPUTS!B10*K59*L59)<=75000,37750+(((D59*INPUTS!B10*K59*L59)-40000)*0.70),62250+(((D59*INPUTS!B10*K59*L59)-75000)*0.50)))) | N59: =MAX(IF(E59<0.8,(C59*0.8)-D59,IF(E59<1,(C59*1)-D59,IF(E59<1.2,(C59*1.2)-D59,IF(E59<1.4,(C59*1.4)-D59,(C59*1.5)-D59)))),0) | O59: =IF(E59<0.8,"Increase Sales Volume",IF(F59<0.6,"Activate More Branches",IF(G59<0.5,"Push Focus Products","Strong Performance")))
E60: =D60/C60 | J60: =MIN((E60*INPUTS!B16)+(F60*INPUTS!B17)+(G60*INPUTS!B18)+(H60*INPUTS!B19)+(I60*INPUTS!B20),1.5) | K60: =IF(J60<0.6,0.3,IF(J60<0.8,0.6,IF(J60<1,1,IF(J60<1.2,1.5,2)))) | M60: =IF((D60*INPUTS!B10*K60*L60)<=25000,(D60*INPUTS!B10*K60*L60),IF((D60*INPUTS!B10*K60*L60)<=40000,25000+(((D60*INPUTS!B10*K60*L60)-25000)*0.85),IF((D60*INPUTS!B10*K60*L60)<=75000,37750+(((D60*INPUTS!B10*K60*L60)-40000)*0.70),62250+(((D60*INPUTS!B10*K60*L60)-75000)*0.50)))) | N60: =MAX(IF(E60<0.8,(C60*0.8)-D60,IF(E60<1,(C60*1)-D60,IF(E60<1.2,(C60*1.2)-D60,IF(E60<1.4,(C60*1.4)-D60,(C60*1.5)-D60)))),0) | O60: =IF(E60<0.8,"Increase Sales Volume",IF(F60<0.6,"Activate More Branches",IF(G60<0.5,"Push Focus Products","Strong Performance")))
E61: =D61/C61 | J61: =MIN((E61*INPUTS!B16)+(F61*INPUTS!B17)+(G61*INPUTS!B18)+(H61*INPUTS!B19)+(I61*INPUTS!B20),1.5) | K61: =IF(J61<0.6,0.3,IF(J61<0.8,0.6,IF(J61<1,1,IF(J61<1.2,1.5,2)))) | M61: =IF((D61*INPUTS!B10*K61*L61)<=25000,(D61*INPUTS!B10*K61*L61),IF((D61*INPUTS!B10*K61*L61)<=40000,25000+(((D61*INPUTS!B10*K61*L61)-25000)*0.85),IF((D61*INPUTS!B10*K61*L61)<=75000,37750+(((D61*INPUTS!B10*K61*L61)-40000)*0.70),62250+(((D61*INPUTS!B10*K61*L61)-75000)*0.50)))) | N61: =MAX(IF(E61<0.8,(C61*0.8)-D61,IF(E61<1,(C61*1)-D61,IF(E61<1.2,(C61*1.2)-D61,IF(E61<1.4,(C61*1.4)-D61,(C61*1.5)-D61)))),0) | O61: =IF(E61<0.8,"Increase Sales Volume",IF(F61<0.6,"Activate More Branches",IF(G61<0.5,"Push Focus Products","Strong Performance")))
E62: =D62/C62 | J62: =MIN((E62*INPUTS!B16)+(F62*INPUTS!B17)+(G62*INPUTS!B18)+(H62*INPUTS!B19)+(I62*INPUTS!B20),1.5) | K62: =IF(J62<0.6,0.3,IF(J62<0.8,0.6,IF(J62<1,1,IF(J62<1.2,1.5,2)))) | M62: =IF((D62*INPUTS!B10*K62*L62)<=25000,(D62*INPUTS!B10*K62*L62),IF((D62*INPUTS!B10*K62*L62)<=40000,25000+(((D62*INPUTS!B10*K62*L62)-25000)*0.85),IF((D62*INPUTS!B10*K62*L62)<=75000,37750+(((D62*INPUTS!B10*K62*L62)-40000)*0.70),62250+(((D62*INPUTS!B10*K62*L62)-75000)*0.50)))) | N62: =MAX(IF(E62<0.8,(C62*0.8)-D62,IF(E62<1,(C62*1)-D62,IF(E62<1.2,(C62*1.2)-D62,IF(E62<1.4,(C62*1.4)-D62,(C62*1.5)-D62)))),0) | O62: =IF(E62<0.8,"Increase Sales Volume",IF(F62<0.6,"Activate More Branches",IF(G62<0.5,"Push Focus Products","Strong Performance")))
E63: =D63/C63 | J63: =MIN((E63*INPUTS!B16)+(F63*INPUTS!B17)+(G63*INPUTS!B18)+(H63*INPUTS!B19)+(I63*INPUTS!B20),1.5) | K63: =IF(J63<0.6,0.3,IF(J63<0.8,0.6,IF(J63<1,1,IF(J63<1.2,1.5,2)))) | M63: =IF((D63*INPUTS!B10*K63*L63)<=25000,(D63*INPUTS!B10*K63*L63),IF((D63*INPUTS!B10*K63*L63)<=40000,25000+(((D63*INPUTS!B10*K63*L63)-25000)*0.85),IF((D63*INPUTS!B10*K63*L63)<=75000,37750+(((D63*INPUTS!B10*K63*L63)-40000)*0.70),62250+(((D63*INPUTS!B10*K63*L63)-75000)*0.50)))) | N63: =MAX(IF(E63<0.8,(C63*0.8)-D63,IF(E63<1,(C63*1)-D63,IF(E63<1.2,(C63*1.2)-D63,IF(E63<1.4,(C63*1.4)-D63,(C63*1.5)-D63)))),0) | O63: =IF(E63<0.8,"Increase Sales Volume",IF(F63<0.6,"Activate More Branches",IF(G63<0.5,"Push Focus Products","Strong Performance")))
E64: =D64/C64 | J64: =MIN((E64*INPUTS!B16)+(F64*INPUTS!B17)+(G64*INPUTS!B18)+(H64*INPUTS!B19)+(I64*INPUTS!B20),1.5) | K64: =IF(J64<0.6,0.3,IF(J64<0.8,0.6,IF(J64<1,1,IF(J64<1.2,1.5,2)))) | M64: =IF((D64*INPUTS!B10*K64*L64)<=25000,(D64*INPUTS!B10*K64*L64),IF((D64*INPUTS!B10*K64*L64)<=40000,25000+(((D64*INPUTS!B10*K64*L64)-25000)*0.85),IF((D64*INPUTS!B10*K64*L64)<=75000,37750+(((D64*INPUTS!B10*K64*L64)-40000)*0.70),62250+(((D64*INPUTS!B10*K64*L64)-75000)*0.50)))) | N64: =MAX(IF(E64<0.8,(C64*0.8)-D64,IF(E64<1,(C64*1)-D64,IF(E64<1.2,(C64*1.2)-D64,IF(E64<1.4,(C64*1.4)-D64,(C64*1.5)-D64)))),0) | O64: =IF(E64<0.8,"Increase Sales Volume",IF(F64<0.6,"Activate More Branches",IF(G64<0.5,"Push Focus Products","Strong Performance")))
E65: =D65/C65 | J65: =MIN((E65*INPUTS!B16)+(F65*INPUTS!B17)+(G65*INPUTS!B18)+(H65*INPUTS!B19)+(I65*INPUTS!B20),1.5) | K65: =IF(J65<0.6,0.3,IF(J65<0.8,0.6,IF(J65<1,1,IF(J65<1.2,1.5,2)))) | M65: =IF((D65*INPUTS!B10*K65*L65)<=25000,(D65*INPUTS!B10*K65*L65),IF((D65*INPUTS!B10*K65*L65)<=40000,25000+(((D65*INPUTS!B10*K65*L65)-25000)*0.85),IF((D65*INPUTS!B10*K65*L65)<=75000,37750+(((D65*INPUTS!B10*K65*L65)-40000)*0.70),62250+(((D65*INPUTS!B10*K65*L65)-75000)*0.50)))) | N65: =MAX(IF(E65<0.8,(C65*0.8)-D65,IF(E65<1,(C65*1)-D65,IF(E65<1.2,(C65*1.2)-D65,IF(E65<1.4,(C65*1.4)-D65,(C65*1.5)-D65)))),0) | O65: =IF(E65<0.8,"Increase Sales Volume",IF(F65<0.6,"Activate More Branches",IF(G65<0.5,"Push Focus Products","Strong Performance")))
E66: =D66/C66 | J66: =MIN((E66*INPUTS!B16)+(F66*INPUTS!B17)+(G66*INPUTS!B18)+(H66*INPUTS!B19)+(I66*INPUTS!B20),1.5) | K66: =IF(J66<0.6,0.3,IF(J66<0.8,0.6,IF(J66<1,1,IF(J66<1.2,1.5,2)))) | M66: =IF((D66*INPUTS!B10*K66*L66)<=25000,(D66*INPUTS!B10*K66*L66),IF((D66*INPUTS!B10*K66*L66)<=40000,25000+(((D66*INPUTS!B10*K66*L66)-25000)*0.85),IF((D66*INPUTS!B10*K66*L66)<=75000,37750+(((D66*INPUTS!B10*K66*L66)-40000)*0.70),62250+(((D66*INPUTS!B10*K66*L66)-75000)*0.50)))) | N66: =MAX(IF(E66<0.8,(C66*0.8)-D66,IF(E66<1,(C66*1)-D66,IF(E66<1.2,(C66*1.2)-D66,IF(E66<1.4,(C66*1.4)-D66,(C66*1.5)-D66)))),0) | O66: =IF(E66<0.8,"Increase Sales Volume",IF(F66<0.6,"Activate More Branches",IF(G66<0.5,"Push Focus Products","Strong Performance")))
E67: =D67/C67 | J67: =MIN((E67*INPUTS!B16)+(F67*INPUTS!B17)+(G67*INPUTS!B18)+(H67*INPUTS!B19)+(I67*INPUTS!B20),1.5) | K67: =IF(J67<0.6,0.3,IF(J67<0.8,0.6,IF(J67<1,1,IF(J67<1.2,1.5,2)))) | M67: =IF((D67*INPUTS!B10*K67*L67)<=25000,(D67*INPUTS!B10*K67*L67),IF((D67*INPUTS!B10*K67*L67)<=40000,25000+(((D67*INPUTS!B10*K67*L67)-25000)*0.85),IF((D67*INPUTS!B10*K67*L67)<=75000,37750+(((D67*INPUTS!B10*K67*L67)-40000)*0.70),62250+(((D67*INPUTS!B10*K67*L67)-75000)*0.50)))) | N67: =MAX(IF(E67<0.8,(C67*0.8)-D67,IF(E67<1,(C67*1)-D67,IF(E67<1.2,(C67*1.2)-D67,IF(E67<1.4,(C67*1.4)-D67,(C67*1.5)-D67)))),0) | O67: =IF(E67<0.8,"Increase Sales Volume",IF(F67<0.6,"Activate More Branches",IF(G67<0.5,"Push Focus Products","Strong Performance")))
E68: =D68/C68 | J68: =MIN((E68*INPUTS!B16)+(F68*INPUTS!B17)+(G68*INPUTS!B18)+(H68*INPUTS!B19)+(I68*INPUTS!B20),1.5) | K68: =IF(J68<0.6,0.3,IF(J68<0.8,0.6,IF(J68<1,1,IF(J68<1.2,1.5,2)))) | M68: =IF((D68*INPUTS!B10*K68*L68)<=25000,(D68*INPUTS!B10*K68*L68),IF((D68*INPUTS!B10*K68*L68)<=40000,25000+(((D68*INPUTS!B10*K68*L68)-25000)*0.85),IF((D68*INPUTS!B10*K68*L68)<=75000,37750+(((D68*INPUTS!B10*K68*L68)-40000)*0.70),62250+(((D68*INPUTS!B10*K68*L68)-75000)*0.50)))) | N68: =MAX(IF(E68<0.8,(C68*0.8)-D68,IF(E68<1,(C68*1)-D68,IF(E68<1.2,(C68*1.2)-D68,IF(E68<1.4,(C68*1.4)-D68,(C68*1.5)-D68)))),0) | O68: =IF(E68<0.8,"Increase Sales Volume",IF(F68<0.6,"Activate More Branches",IF(G68<0.5,"Push Focus Products","Strong Performance")))
E69: =D69/C69 | J69: =MIN((E69*INPUTS!B16)+(F69*INPUTS!B17)+(G69*INPUTS!B18)+(H69*INPUTS!B19)+(I69*INPUTS!B20),1.5) | K69: =IF(J69<0.6,0.3,IF(J69<0.8,0.6,IF(J69<1,1,IF(J69<1.2,1.5,2)))) | M69: =IF((D69*INPUTS!B10*K69*L69)<=25000,(D69*INPUTS!B10*K69*L69),IF((D69*INPUTS!B10*K69*L69)<=40000,25000+(((D69*INPUTS!B10*K69*L69)-25000)*0.85),IF((D69*INPUTS!B10*K69*L69)<=75000,37750+(((D69*INPUTS!B10*K69*L69)-40000)*0.70),62250+(((D69*INPUTS!B10*K69*L69)-75000)*0.50)))) | N69: =MAX(IF(E69<0.8,(C69*0.8)-D69,IF(E69<1,(C69*1)-D69,IF(E69<1.2,(C69*1.2)-D69,IF(E69<1.4,(C69*1.4)-D69,(C69*1.5)-D69)))),0) | O69: =IF(E69<0.8,"Increase Sales Volume",IF(F69<0.6,"Activate More Branches",IF(G69<0.5,"Push Focus Products","Strong Performance")))
E70: =D70/C70 | J70: =MIN((E70*INPUTS!B16)+(F70*INPUTS!B17)+(G70*INPUTS!B18)+(H70*INPUTS!B19)+(I70*INPUTS!B20),1.5) | K70: =IF(J70<0.6,0.3,IF(J70<0.8,0.6,IF(J70<1,1,IF(J70<1.2,1.5,2)))) | M70: =IF((D70*INPUTS!B10*K70*L70)<=25000,(D70*INPUTS!B10*K70*L70),IF((D70*INPUTS!B10*K70*L70)<=40000,25000+(((D70*INPUTS!B10*K70*L70)-25000)*0.85),IF((D70*INPUTS!B10*K70*L70)<=75000,37750+(((D70*INPUTS!B10*K70*L70)-40000)*0.70),62250+(((D70*INPUTS!B10*K70*L70)-75000)*0.50)))) | N70: =MAX(IF(E70<0.8,(C70*0.8)-D70,IF(E70<1,(C70*1)-D70,IF(E70<1.2,(C70*1.2)-D70,IF(E70<1.4,(C70*1.4)-D70,(C70*1.5)-D70)))),0) | O70: =IF(E70<0.8,"Increase Sales Volume",IF(F70<0.6,"Activate More Branches",IF(G70<0.5,"Push Focus Products","Strong Performance")))
E71: =D71/C71 | J71: =MIN((E71*INPUTS!B16)+(F71*INPUTS!B17)+(G71*INPUTS!B18)+(H71*INPUTS!B19)+(I71*INPUTS!B20),1.5) | K71: =IF(J71<0.6,0.3,IF(J71<0.8,0.6,IF(J71<1,1,IF(J71<1.2,1.5,2)))) | M71: =IF((D71*INPUTS!B10*K71*L71)<=25000,(D71*INPUTS!B10*K71*L71),IF((D71*INPUTS!B10*K71*L71)<=40000,25000+(((D71*INPUTS!B10*K71*L71)-25000)*0.85),IF((D71*INPUTS!B10*K71*L71)<=75000,37750+(((D71*INPUTS!B10*K71*L71)-40000)*0.70),62250+(((D71*INPUTS!B10*K71*L71)-75000)*0.50)))) | N71: =MAX(IF(E71<0.8,(C71*0.8)-D71,IF(E71<1,(C71*1)-D71,IF(E71<1.2,(C71*1.2)-D71,IF(E71<1.4,(C71*1.4)-D71,(C71*1.5)-D71)))),0) | O71: =IF(E71<0.8,"Increase Sales Volume",IF(F71<0.6,"Activate More Branches",IF(G71<0.5,"Push Focus Products","Strong Performance")))
E72: =D72/C72 | J72: =MIN((E72*INPUTS!B16)+(F72*INPUTS!B17)+(G72*INPUTS!B18)+(H72*INPUTS!B19)+(I72*INPUTS!B20),1.5) | K72: =IF(J72<0.6,0.3,IF(J72<0.8,0.6,IF(J72<1,1,IF(J72<1.2,1.5,2)))) | M72: =IF((D72*INPUTS!B10*K72*L72)<=25000,(D72*INPUTS!B10*K72*L72),IF((D72*INPUTS!B10*K72*L72)<=40000,25000+(((D72*INPUTS!B10*K72*L72)-25000)*0.85),IF((D72*INPUTS!B10*K72*L72)<=75000,37750+(((D72*INPUTS!B10*K72*L72)-40000)*0.70),62250+(((D72*INPUTS!B10*K72*L72)-75000)*0.50)))) | N72: =MAX(IF(E72<0.8,(C72*0.8)-D72,IF(E72<1,(C72*1)-D72,IF(E72<1.2,(C72*1.2)-D72,IF(E72<1.4,(C72*1.4)-D72,(C72*1.5)-D72)))),0) | O72: =IF(E72<0.8,"Increase Sales Volume",IF(F72<0.6,"Activate More Branches",IF(G72<0.5,"Push Focus Products","Strong Performance")))
E73: =D73/C73 | J73: =MIN((E73*INPUTS!B16)+(F73*INPUTS!B17)+(G73*INPUTS!B18)+(H73*INPUTS!B19)+(I73*INPUTS!B20),1.5) | K73: =IF(J73<0.6,0.3,IF(J73<0.8,0.6,IF(J73<1,1,IF(J73<1.2,1.5,2)))) | M73: =IF((D73*INPUTS!B10*K73*L73)<=25000,(D73*INPUTS!B10*K73*L73),IF((D73*INPUTS!B10*K73*L73)<=40000,25000+(((D73*INPUTS!B10*K73*L73)-25000)*0.85),IF((D73*INPUTS!B10*K73*L73)<=75000,37750+(((D73*INPUTS!B10*K73*L73)-40000)*0.70),62250+(((D73*INPUTS!B10*K73*L73)-75000)*0.50)))) | N73: =MAX(IF(E73<0.8,(C73*0.8)-D73,IF(E73<1,(C73*1)-D73,IF(E73<1.2,(C73*1.2)-D73,IF(E73<1.4,(C73*1.4)-D73,(C73*1.5)-D73)))),0) | O73: =IF(E73<0.8,"Increase Sales Volume",IF(F73<0.6,"Activate More Branches",IF(G73<0.5,"Push Focus Products","Strong Performance")))
E74: =D74/C74 | J74: =MIN((E74*INPUTS!B16)+(F74*INPUTS!B17)+(G74*INPUTS!B18)+(H74*INPUTS!B19)+(I74*INPUTS!B20),1.5) | K74: =IF(J74<0.6,0.3,IF(J74<0.8,0.6,IF(J74<1,1,IF(J74<1.2,1.5,2)))) | M74: =IF((D74*INPUTS!B10*K74*L74)<=25000,(D74*INPUTS!B10*K74*L74),IF((D74*INPUTS!B10*K74*L74)<=40000,25000+(((D74*INPUTS!B10*K74*L74)-25000)*0.85),IF((D74*INPUTS!B10*K74*L74)<=75000,37750+(((D74*INPUTS!B10*K74*L74)-40000)*0.70),62250+(((D74*INPUTS!B10*K74*L74)-75000)*0.50)))) | N74: =MAX(IF(E74<0.8,(C74*0.8)-D74,IF(E74<1,(C74*1)-D74,IF(E74<1.2,(C74*1.2)-D74,IF(E74<1.4,(C74*1.4)-D74,(C74*1.5)-D74)))),0) | O74: =IF(E74<0.8,"Increase Sales Volume",IF(F74<0.6,"Activate More Branches",IF(G74<0.5,"Push Focus Products","Strong Performance")))
E75: =D75/C75 | J75: =MIN((E75*INPUTS!B16)+(F75*INPUTS!B17)+(G75*INPUTS!B18)+(H75*INPUTS!B19)+(I75*INPUTS!B20),1.5) | K75: =IF(J75<0.6,0.3,IF(J75<0.8,0.6,IF(J75<1,1,IF(J75<1.2,1.5,2)))) | M75: =IF((D75*INPUTS!B10*K75*L75)<=25000,(D75*INPUTS!B10*K75*L75),IF((D75*INPUTS!B10*K75*L75)<=40000,25000+(((D75*INPUTS!B10*K75*L75)-25000)*0.85),IF((D75*INPUTS!B10*K75*L75)<=75000,37750+(((D75*INPUTS!B10*K75*L75)-40000)*0.70),62250+(((D75*INPUTS!B10*K75*L75)-75000)*0.50)))) | N75: =MAX(IF(E75<0.8,(C75*0.8)-D75,IF(E75<1,(C75*1)-D75,IF(E75<1.2,(C75*1.2)-D75,IF(E75<1.4,(C75*1.4)-D75,(C75*1.5)-D75)))),0) | O75: =IF(E75<0.8,"Increase Sales Volume",IF(F75<0.6,"Activate More Branches",IF(G75<0.5,"Push Focus Products","Strong Performance")))
E76: =D76/C76 | J76: =MIN((E76*INPUTS!B16)+(F76*INPUTS!B17)+(G76*INPUTS!B18)+(H76*INPUTS!B19)+(I76*INPUTS!B20),1.5) | K76: =IF(J76<0.6,0.3,IF(J76<0.8,0.6,IF(J76<1,1,IF(J76<1.2,1.5,2)))) | M76: =IF((D76*INPUTS!B10*K76*L76)<=25000,(D76*INPUTS!B10*K76*L76),IF((D76*INPUTS!B10*K76*L76)<=40000,25000+(((D76*INPUTS!B10*K76*L76)-25000)*0.85),IF((D76*INPUTS!B10*K76*L76)<=75000,37750+(((D76*INPUTS!B10*K76*L76)-40000)*0.70),62250+(((D76*INPUTS!B10*K76*L76)-75000)*0.50)))) | N76: =MAX(IF(E76<0.8,(C76*0.8)-D76,IF(E76<1,(C76*1)-D76,IF(E76<1.2,(C76*1.2)-D76,IF(E76<1.4,(C76*1.4)-D76,(C76*1.5)-D76)))),0) | O76: =IF(E76<0.8,"Increase Sales Volume",IF(F76<0.6,"Activate More Branches",IF(G76<0.5,"Push Focus Products","Strong Performance")))
E77: =D77/C77 | J77: =MIN((E77*INPUTS!B16)+(F77*INPUTS!B17)+(G77*INPUTS!B18)+(H77*INPUTS!B19)+(I77*INPUTS!B20),1.5) | K77: =IF(J77<0.6,0.3,IF(J77<0.8,0.6,IF(J77<1,1,IF(J77<1.2,1.5,2)))) | M77: =IF((D77*INPUTS!B10*K77*L77)<=25000,(D77*INPUTS!B10*K77*L77),IF((D77*INPUTS!B10*K77*L77)<=40000,25000+(((D77*INPUTS!B10*K77*L77)-25000)*0.85),IF((D77*INPUTS!B10*K77*L77)<=75000,37750+(((D77*INPUTS!B10*K77*L77)-40000)*0.70),62250+(((D77*INPUTS!B10*K77*L77)-75000)*0.50)))) | N77: =MAX(IF(E77<0.8,(C77*0.8)-D77,IF(E77<1,(C77*1)-D77,IF(E77<1.2,(C77*1.2)-D77,IF(E77<1.4,(C77*1.4)-D77,(C77*1.5)-D77)))),0) | O77: =IF(E77<0.8,"Increase Sales Volume",IF(F77<0.6,"Activate More Branches",IF(G77<0.5,"Push Focus Products","Strong Performance")))
E78: =D78/C78 | J78: =MIN((E78*INPUTS!B16)+(F78*INPUTS!B17)+(G78*INPUTS!B18)+(H78*INPUTS!B19)+(I78*INPUTS!B20),1.5) | K78: =IF(J78<0.6,0.3,IF(J78<0.8,0.6,IF(J78<1,1,IF(J78<1.2,1.5,2)))) | M78: =IF((D78*INPUTS!B10*K78*L78)<=25000,(D78*INPUTS!B10*K78*L78),IF((D78*INPUTS!B10*K78*L78)<=40000,25000+(((D78*INPUTS!B10*K78*L78)-25000)*0.85),IF((D78*INPUTS!B10*K78*L78)<=75000,37750+(((D78*INPUTS!B10*K78*L78)-40000)*0.70),62250+(((D78*INPUTS!B10*K78*L78)-75000)*0.50)))) | N78: =MAX(IF(E78<0.8,(C78*0.8)-D78,IF(E78<1,(C78*1)-D78,IF(E78<1.2,(C78*1.2)-D78,IF(E78<1.4,(C78*1.4)-D78,(C78*1.5)-D78)))),0) | O78: =IF(E78<0.8,"Increase Sales Volume",IF(F78<0.6,"Activate More Branches",IF(G78<0.5,"Push Focus Products","Strong Performance")))
E79: =D79/C79 | J79: =MIN((E79*INPUTS!B16)+(F79*INPUTS!B17)+(G79*INPUTS!B18)+(H79*INPUTS!B19)+(I79*INPUTS!B20),1.5) | K79: =IF(J79<0.6,0.3,IF(J79<0.8,0.6,IF(J79<1,1,IF(J79<1.2,1.5,2)))) | M79: =IF((D79*INPUTS!B10*K79*L79)<=25000,(D79*INPUTS!B10*K79*L79),IF((D79*INPUTS!B10*K79*L79)<=40000,25000+(((D79*INPUTS!B10*K79*L79)-25000)*0.85),IF((D79*INPUTS!B10*K79*L79)<=75000,37750+(((D79*INPUTS!B10*K79*L79)-40000)*0.70),62250+(((D79*INPUTS!B10*K79*L79)-75000)*0.50)))) | N79: =MAX(IF(E79<0.8,(C79*0.8)-D79,IF(E79<1,(C79*1)-D79,IF(E79<1.2,(C79*1.2)-D79,IF(E79<1.4,(C79*1.4)-D79,(C79*1.5)-D79)))),0) | O79: =IF(E79<0.8,"Increase Sales Volume",IF(F79<0.6,"Activate More Branches",IF(G79<0.5,"Push Focus Products","Strong Performance")))
E80: =D80/C80 | J80: =MIN((E80*INPUTS!B16)+(F80*INPUTS!B17)+(G80*INPUTS!B18)+(H80*INPUTS!B19)+(I80*INPUTS!B20),1.5) | K80: =IF(J80<0.6,0.3,IF(J80<0.8,0.6,IF(J80<1,1,IF(J80<1.2,1.5,2)))) | M80: =IF((D80*INPUTS!B10*K80*L80)<=25000,(D80*INPUTS!B10*K80*L80),IF((D80*INPUTS!B10*K80*L80)<=40000,25000+(((D80*INPUTS!B10*K80*L80)-25000)*0.85),IF((D80*INPUTS!B10*K80*L80)<=75000,37750+(((D80*INPUTS!B10*K80*L80)-40000)*0.70),62250+(((D80*INPUTS!B10*K80*L80)-75000)*0.50)))) | N80: =MAX(IF(E80<0.8,(C80*0.8)-D80,IF(E80<1,(C80*1)-D80,IF(E80<1.2,(C80*1.2)-D80,IF(E80<1.4,(C80*1.4)-D80,(C80*1.5)-D80)))),0) | O80: =IF(E80<0.8,"Increase Sales Volume",IF(F80<0.6,"Activate More Branches",IF(G80<0.5,"Push Focus Products","Strong Performance")))
E81: =D81/C81 | J81: =MIN((E81*INPUTS!B16)+(F81*INPUTS!B17)+(G81*INPUTS!B18)+(H81*INPUTS!B19)+(I81*INPUTS!B20),1.5) | K81: =IF(J81<0.6,0.3,IF(J81<0.8,0.6,IF(J81<1,1,IF(J81<1.2,1.5,2)))) | M81: =IF((D81*INPUTS!B10*K81*L81)<=25000,(D81*INPUTS!B10*K81*L81),IF((D81*INPUTS!B10*K81*L81)<=40000,25000+(((D81*INPUTS!B10*K81*L81)-25000)*0.85),IF((D81*INPUTS!B10*K81*L81)<=75000,37750+(((D81*INPUTS!B10*K81*L81)-40000)*0.70),62250+(((D81*INPUTS!B10*K81*L81)-75000)*0.50)))) | N81: =MAX(IF(E81<0.8,(C81*0.8)-D81,IF(E81<1,(C81*1)-D81,IF(E81<1.2,(C81*1.2)-D81,IF(E81<1.4,(C81*1.4)-D81,(C81*1.5)-D81)))),0) | O81: =IF(E81<0.8,"Increase Sales Volume",IF(F81<0.6,"Activate More Branches",IF(G81<0.5,"Push Focus Products","Strong Performance")))
E82: =D82/C82 | J82: =MIN((E82*INPUTS!B16)+(F82*INPUTS!B17)+(G82*INPUTS!B18)+(H82*INPUTS!B19)+(I82*INPUTS!B20),1.5) | K82: =IF(J82<0.6,0.3,IF(J82<0.8,0.6,IF(J82<1,1,IF(J82<1.2,1.5,2)))) | M82: =IF((D82*INPUTS!B10*K82*L82)<=25000,(D82*INPUTS!B10*K82*L82),IF((D82*INPUTS!B10*K82*L82)<=40000,25000+(((D82*INPUTS!B10*K82*L82)-25000)*0.85),IF((D82*INPUTS!B10*K82*L82)<=75000,37750+(((D82*INPUTS!B10*K82*L82)-40000)*0.70),62250+(((D82*INPUTS!B10*K82*L82)-75000)*0.50)))) | N82: =MAX(IF(E82<0.8,(C82*0.8)-D82,IF(E82<1,(C82*1)-D82,IF(E82<1.2,(C82*1.2)-D82,IF(E82<1.4,(C82*1.4)-D82,(C82*1.5)-D82)))),0) | O82: =IF(E82<0.8,"Increase Sales Volume",IF(F82<0.6,"Activate More Branches",IF(G82<0.5,"Push Focus Products","Strong Performance")))
E83: =D83/C83 | J83: =MIN((E83*INPUTS!B16)+(F83*INPUTS!B17)+(G83*INPUTS!B18)+(H83*INPUTS!B19)+(I83*INPUTS!B20),1.5) | K83: =IF(J83<0.6,0.3,IF(J83<0.8,0.6,IF(J83<1,1,IF(J83<1.2,1.5,2)))) | M83: =IF((D83*INPUTS!B10*K83*L83)<=25000,(D83*INPUTS!B10*K83*L83),IF((D83*INPUTS!B10*K83*L83)<=40000,25000+(((D83*INPUTS!B10*K83*L83)-25000)*0.85),IF((D83*INPUTS!B10*K83*L83)<=75000,37750+(((D83*INPUTS!B10*K83*L83)-40000)*0.70),62250+(((D83*INPUTS!B10*K83*L83)-75000)*0.50)))) | N83: =MAX(IF(E83<0.8,(C83*0.8)-D83,IF(E83<1,(C83*1)-D83,IF(E83<1.2,(C83*1.2)-D83,IF(E83<1.4,(C83*1.4)-D83,(C83*1.5)-D83)))),0) | O83: =IF(E83<0.8,"Increase Sales Volume",IF(F83<0.6,"Activate More Branches",IF(G83<0.5,"Push Focus Products","Strong Performance")))
E84: =D84/C84 | J84: =MIN((E84*INPUTS!B16)+(F84*INPUTS!B17)+(G84*INPUTS!B18)+(H84*INPUTS!B19)+(I84*INPUTS!B20),1.5) | K84: =IF(J84<0.6,0.3,IF(J84<0.8,0.6,IF(J84<1,1,IF(J84<1.2,1.5,2)))) | M84: =IF((D84*INPUTS!B10*K84*L84)<=25000,(D84*INPUTS!B10*K84*L84),IF((D84*INPUTS!B10*K84*L84)<=40000,25000+(((D84*INPUTS!B10*K84*L84)-25000)*0.85),IF((D84*INPUTS!B10*K84*L84)<=75000,37750+(((D84*INPUTS!B10*K84*L84)-40000)*0.70),62250+(((D84*INPUTS!B10*K84*L84)-75000)*0.50)))) | N84: =MAX(IF(E84<0.8,(C84*0.8)-D84,IF(E84<1,(C84*1)-D84,IF(E84<1.2,(C84*1.2)-D84,IF(E84<1.4,(C84*1.4)-D84,(C84*1.5)-D84)))),0) | O84: =IF(E84<0.8,"Increase Sales Volume",IF(F84<0.6,"Activate More Branches",IF(G84<0.5,"Push Focus Products","Strong Performance")))
E85: =D85/C85 | J85: =MIN((E85*INPUTS!B16)+(F85*INPUTS!B17)+(G85*INPUTS!B18)+(H85*INPUTS!B19)+(I85*INPUTS!B20),1.5) | K85: =IF(J85<0.6,0.3,IF(J85<0.8,0.6,IF(J85<1,1,IF(J85<1.2,1.5,2)))) | M85: =IF((D85*INPUTS!B10*K85*L85)<=25000,(D85*INPUTS!B10*K85*L85),IF((D85*INPUTS!B10*K85*L85)<=40000,25000+(((D85*INPUTS!B10*K85*L85)-25000)*0.85),IF((D85*INPUTS!B10*K85*L85)<=75000,37750+(((D85*INPUTS!B10*K85*L85)-40000)*0.70),62250+(((D85*INPUTS!B10*K85*L85)-75000)*0.50)))) | N85: =MAX(IF(E85<0.8,(C85*0.8)-D85,IF(E85<1,(C85*1)-D85,IF(E85<1.2,(C85*1.2)-D85,IF(E85<1.4,(C85*1.4)-D85,(C85*1.5)-D85)))),0) | O85: =IF(E85<0.8,"Increase Sales Volume",IF(F85<0.6,"Activate More Branches",IF(G85<0.5,"Push Focus Products","Strong Performance")))
E86: =D86/C86 | J86: =MIN((E86*INPUTS!B16)+(F86*INPUTS!B17)+(G86*INPUTS!B18)+(H86*INPUTS!B19)+(I86*INPUTS!B20),1.5) | K86: =IF(J86<0.6,0.3,IF(J86<0.8,0.6,IF(J86<1,1,IF(J86<1.2,1.5,2)))) | M86: =IF((D86*INPUTS!B10*K86*L86)<=25000,(D86*INPUTS!B10*K86*L86),IF((D86*INPUTS!B10*K86*L86)<=40000,25000+(((D86*INPUTS!B10*K86*L86)-25000)*0.85),IF((D86*INPUTS!B10*K86*L86)<=75000,37750+(((D86*INPUTS!B10*K86*L86)-40000)*0.70),62250+(((D86*INPUTS!B10*K86*L86)-75000)*0.50)))) | N86: =MAX(IF(E86<0.8,(C86*0.8)-D86,IF(E86<1,(C86*1)-D86,IF(E86<1.2,(C86*1.2)-D86,IF(E86<1.4,(C86*1.4)-D86,(C86*1.5)-D86)))),0) | O86: =IF(E86<0.8,"Increase Sales Volume",IF(F86<0.6,"Activate More Branches",IF(G86<0.5,"Push Focus Products","Strong Performance")))
E87: =D87/C87 | J87: =MIN((E87*INPUTS!B16)+(F87*INPUTS!B17)+(G87*INPUTS!B18)+(H87*INPUTS!B19)+(I87*INPUTS!B20),1.5) | K87: =IF(J87<0.6,0.3,IF(J87<0.8,0.6,IF(J87<1,1,IF(J87<1.2,1.5,2)))) | M87: =IF((D87*INPUTS!B10*K87*L87)<=25000,(D87*INPUTS!B10*K87*L87),IF((D87*INPUTS!B10*K87*L87)<=40000,25000+(((D87*INPUTS!B10*K87*L87)-25000)*0.85),IF((D87*INPUTS!B10*K87*L87)<=75000,37750+(((D87*INPUTS!B10*K87*L87)-40000)*0.70),62250+(((D87*INPUTS!B10*K87*L87)-75000)*0.50)))) | N87: =MAX(IF(E87<0.8,(C87*0.8)-D87,IF(E87<1,(C87*1)-D87,IF(E87<1.2,(C87*1.2)-D87,IF(E87<1.4,(C87*1.4)-D87,(C87*1.5)-D87)))),0) | O87: =IF(E87<0.8,"Increase Sales Volume",IF(F87<0.6,"Activate More Branches",IF(G87<0.5,"Push Focus Products","Strong Performance")))
E88: =D88/C88 | J88: =MIN((E88*INPUTS!B16)+(F88*INPUTS!B17)+(G88*INPUTS!B18)+(H88*INPUTS!B19)+(I88*INPUTS!B20),1.5) | K88: =IF(J88<0.6,0.3,IF(J88<0.8,0.6,IF(J88<1,1,IF(J88<1.2,1.5,2)))) | M88: =IF((D88*INPUTS!B10*K88*L88)<=25000,(D88*INPUTS!B10*K88*L88),IF((D88*INPUTS!B10*K88*L88)<=40000,25000+(((D88*INPUTS!B10*K88*L88)-25000)*0.85),IF((D88*INPUTS!B10*K88*L88)<=75000,37750+(((D88*INPUTS!B10*K88*L88)-40000)*0.70),62250+(((D88*INPUTS!B10*K88*L88)-75000)*0.50)))) | N88: =MAX(IF(E88<0.8,(C88*0.8)-D88,IF(E88<1,(C88*1)-D88,IF(E88<1.2,(C88*1.2)-D88,IF(E88<1.4,(C88*1.4)-D88,(C88*1.5)-D88)))),0) | O88: =IF(E88<0.8,"Increase Sales Volume",IF(F88<0.6,"Activate More Branches",IF(G88<0.5,"Push Focus Products","Strong Performance")))
E89: =D89/C89 | J89: =MIN((E89*INPUTS!B16)+(F89*INPUTS!B17)+(G89*INPUTS!B18)+(H89*INPUTS!B19)+(I89*INPUTS!B20),1.5) | K89: =IF(J89<0.6,0.3,IF(J89<0.8,0.6,IF(J89<1,1,IF(J89<1.2,1.5,2)))) | M89: =IF((D89*INPUTS!B10*K89*L89)<=25000,(D89*INPUTS!B10*K89*L89),IF((D89*INPUTS!B10*K89*L89)<=40000,25000+(((D89*INPUTS!B10*K89*L89)-25000)*0.85),IF((D89*INPUTS!B10*K89*L89)<=75000,37750+(((D89*INPUTS!B10*K89*L89)-40000)*0.70),62250+(((D89*INPUTS!B10*K89*L89)-75000)*0.50)))) | N89: =MAX(IF(E89<0.8,(C89*0.8)-D89,IF(E89<1,(C89*1)-D89,IF(E89<1.2,(C89*1.2)-D89,IF(E89<1.4,(C89*1.4)-D89,(C89*1.5)-D89)))),0) | O89: =IF(E89<0.8,"Increase Sales Volume",IF(F89<0.6,"Activate More Branches",IF(G89<0.5,"Push Focus Products","Strong Performance")))
E90: =D90/C90 | J90: =MIN((E90*INPUTS!B16)+(F90*INPUTS!B17)+(G90*INPUTS!B18)+(H90*INPUTS!B19)+(I90*INPUTS!B20),1.5) | K90: =IF(J90<0.6,0.3,IF(J90<0.8,0.6,IF(J90<1,1,IF(J90<1.2,1.5,2)))) | M90: =IF((D90*INPUTS!B10*K90*L90)<=25000,(D90*INPUTS!B10*K90*L90),IF((D90*INPUTS!B10*K90*L90)<=40000,25000+(((D90*INPUTS!B10*K90*L90)-25000)*0.85),IF((D90*INPUTS!B10*K90*L90)<=75000,37750+(((D90*INPUTS!B10*K90*L90)-40000)*0.70),62250+(((D90*INPUTS!B10*K90*L90)-75000)*0.50)))) | N90: =MAX(IF(E90<0.8,(C90*0.8)-D90,IF(E90<1,(C90*1)-D90,IF(E90<1.2,(C90*1.2)-D90,IF(E90<1.4,(C90*1.4)-D90,(C90*1.5)-D90)))),0) | O90: =IF(E90<0.8,"Increase Sales Volume",IF(F90<0.6,"Activate More Branches",IF(G90<0.5,"Push Focus Products","Strong Performance")))
E91: =D91/C91 | J91: =MIN((E91*INPUTS!B16)+(F91*INPUTS!B17)+(G91*INPUTS!B18)+(H91*INPUTS!B19)+(I91*INPUTS!B20),1.5) | K91: =IF(J91<0.6,0.3,IF(J91<0.8,0.6,IF(J91<1,1,IF(J91<1.2,1.5,2)))) | M91: =IF((D91*INPUTS!B10*K91*L91)<=25000,(D91*INPUTS!B10*K91*L91),IF((D91*INPUTS!B10*K91*L91)<=40000,25000+(((D91*INPUTS!B10*K91*L91)-25000)*0.85),IF((D91*INPUTS!B10*K91*L91)<=75000,37750+(((D91*INPUTS!B10*K91*L91)-40000)*0.70),62250+(((D91*INPUTS!B10*K91*L91)-75000)*0.50)))) | N91: =MAX(IF(E91<0.8,(C91*0.8)-D91,IF(E91<1,(C91*1)-D91,IF(E91<1.2,(C91*1.2)-D91,IF(E91<1.4,(C91*1.4)-D91,(C91*1.5)-D91)))),0) | O91: =IF(E91<0.8,"Increase Sales Volume",IF(F91<0.6,"Activate More Branches",IF(G91<0.5,"Push Focus Products","Strong Performance")))
E92: =D92/C92 | J92: =MIN((E92*INPUTS!B16)+(F92*INPUTS!B17)+(G92*INPUTS!B18)+(H92*INPUTS!B19)+(I92*INPUTS!B20),1.5) | K92: =IF(J92<0.6,0.3,IF(J92<0.8,0.6,IF(J92<1,1,IF(J92<1.2,1.5,2)))) | M92: =IF((D92*INPUTS!B10*K92*L92)<=25000,(D92*INPUTS!B10*K92*L92),IF((D92*INPUTS!B10*K92*L92)<=40000,25000+(((D92*INPUTS!B10*K92*L92)-25000)*0.85),IF((D92*INPUTS!B10*K92*L92)<=75000,37750+(((D92*INPUTS!B10*K92*L92)-40000)*0.70),62250+(((D92*INPUTS!B10*K92*L92)-75000)*0.50)))) | N92: =MAX(IF(E92<0.8,(C92*0.8)-D92,IF(E92<1,(C92*1)-D92,IF(E92<1.2,(C92*1.2)-D92,IF(E92<1.4,(C92*1.4)-D92,(C92*1.5)-D92)))),0) | O92: =IF(E92<0.8,"Increase Sales Volume",IF(F92<0.6,"Activate More Branches",IF(G92<0.5,"Push Focus Products","Strong Performance")))
E93: =D93/C93 | J93: =MIN((E93*INPUTS!B16)+(F93*INPUTS!B17)+(G93*INPUTS!B18)+(H93*INPUTS!B19)+(I93*INPUTS!B20),1.5) | K93: =IF(J93<0.6,0.3,IF(J93<0.8,0.6,IF(J93<1,1,IF(J93<1.2,1.5,2)))) | M93: =IF((D93*INPUTS!B10*K93*L93)<=25000,(D93*INPUTS!B10*K93*L93),IF((D93*INPUTS!B10*K93*L93)<=40000,25000+(((D93*INPUTS!B10*K93*L93)-25000)*0.85),IF((D93*INPUTS!B10*K93*L93)<=75000,37750+(((D93*INPUTS!B10*K93*L93)-40000)*0.70),62250+(((D93*INPUTS!B10*K93*L93)-75000)*0.50)))) | N93: =MAX(IF(E93<0.8,(C93*0.8)-D93,IF(E93<1,(C93*1)-D93,IF(E93<1.2,(C93*1.2)-D93,IF(E93<1.4,(C93*1.4)-D93,(C93*1.5)-D93)))),0) | O93: =IF(E93<0.8,"Increase Sales Volume",IF(F93<0.6,"Activate More Branches",IF(G93<0.5,"Push Focus Products","Strong Performance")))
E94: =D94/C94 | J94: =MIN((E94*INPUTS!B16)+(F94*INPUTS!B17)+(G94*INPUTS!B18)+(H94*INPUTS!B19)+(I94*INPUTS!B20),1.5) | K94: =IF(J94<0.6,0.3,IF(J94<0.8,0.6,IF(J94<1,1,IF(J94<1.2,1.5,2)))) | M94: =IF((D94*INPUTS!B10*K94*L94)<=25000,(D94*INPUTS!B10*K94*L94),IF((D94*INPUTS!B10*K94*L94)<=40000,25000+(((D94*INPUTS!B10*K94*L94)-25000)*0.85),IF((D94*INPUTS!B10*K94*L94)<=75000,37750+(((D94*INPUTS!B10*K94*L94)-40000)*0.70),62250+(((D94*INPUTS!B10*K94*L94)-75000)*0.50)))) | N94: =MAX(IF(E94<0.8,(C94*0.8)-D94,IF(E94<1,(C94*1)-D94,IF(E94<1.2,(C94*1.2)-D94,IF(E94<1.4,(C94*1.4)-D94,(C94*1.5)-D94)))),0) | O94: =IF(E94<0.8,"Increase Sales Volume",IF(F94<0.6,"Activate More Branches",IF(G94<0.5,"Push Focus Products","Strong Performance")))
E95: =D95/C95 | J95: =MIN((E95*INPUTS!B16)+(F95*INPUTS!B17)+(G95*INPUTS!B18)+(H95*INPUTS!B19)+(I95*INPUTS!B20),1.5) | K95: =IF(J95<0.6,0.3,IF(J95<0.8,0.6,IF(J95<1,1,IF(J95<1.2,1.5,2)))) | M95: =IF((D95*INPUTS!B10*K95*L95)<=25000,(D95*INPUTS!B10*K95*L95),IF((D95*INPUTS!B10*K95*L95)<=40000,25000+(((D95*INPUTS!B10*K95*L95)-25000)*0.85),IF((D95*INPUTS!B10*K95*L95)<=75000,37750+(((D95*INPUTS!B10*K95*L95)-40000)*0.70),62250+(((D95*INPUTS!B10*K95*L95)-75000)*0.50)))) | N95: =MAX(IF(E95<0.8,(C95*0.8)-D95,IF(E95<1,(C95*1)-D95,IF(E95<1.2,(C95*1.2)-D95,IF(E95<1.4,(C95*1.4)-D95,(C95*1.5)-D95)))),0) | O95: =IF(E95<0.8,"Increase Sales Volume",IF(F95<0.6,"Activate More Branches",IF(G95<0.5,"Push Focus Products","Strong Performance")))
E96: =D96/C96 | J96: =MIN((E96*INPUTS!B16)+(F96*INPUTS!B17)+(G96*INPUTS!B18)+(H96*INPUTS!B19)+(I96*INPUTS!B20),1.5) | K96: =IF(J96<0.6,0.3,IF(J96<0.8,0.6,IF(J96<1,1,IF(J96<1.2,1.5,2)))) | M96: =IF((D96*INPUTS!B10*K96*L96)<=25000,(D96*INPUTS!B10*K96*L96),IF((D96*INPUTS!B10*K96*L96)<=40000,25000+(((D96*INPUTS!B10*K96*L96)-25000)*0.85),IF((D96*INPUTS!B10*K96*L96)<=75000,37750+(((D96*INPUTS!B10*K96*L96)-40000)*0.70),62250+(((D96*INPUTS!B10*K96*L96)-75000)*0.50)))) | N96: =MAX(IF(E96<0.8,(C96*0.8)-D96,IF(E96<1,(C96*1)-D96,IF(E96<1.2,(C96*1.2)-D96,IF(E96<1.4,(C96*1.4)-D96,(C96*1.5)-D96)))),0) | O96: =IF(E96<0.8,"Increase Sales Volume",IF(F96<0.6,"Activate More Branches",IF(G96<0.5,"Push Focus Products","Strong Performance")))
E97: =D97/C97 | J97: =MIN((E97*INPUTS!B16)+(F97*INPUTS!B17)+(G97*INPUTS!B18)+(H97*INPUTS!B19)+(I97*INPUTS!B20),1.5) | K97: =IF(J97<0.6,0.3,IF(J97<0.8,0.6,IF(J97<1,1,IF(J97<1.2,1.5,2)))) | M97: =IF((D97*INPUTS!B10*K97*L97)<=25000,(D97*INPUTS!B10*K97*L97),IF((D97*INPUTS!B10*K97*L97)<=40000,25000+(((D97*INPUTS!B10*K97*L97)-25000)*0.85),IF((D97*INPUTS!B10*K97*L97)<=75000,37750+(((D97*INPUTS!B10*K97*L97)-40000)*0.70),62250+(((D97*INPUTS!B10*K97*L97)-75000)*0.50)))) | N97: =MAX(IF(E97<0.8,(C97*0.8)-D97,IF(E97<1,(C97*1)-D97,IF(E97<1.2,(C97*1.2)-D97,IF(E97<1.4,(C97*1.4)-D97,(C97*1.5)-D97)))),0) | O97: =IF(E97<0.8,"Increase Sales Volume",IF(F97<0.6,"Activate More Branches",IF(G97<0.5,"Push Focus Products","Strong Performance")))
E98: =D98/C98 | J98: =MIN((E98*INPUTS!B16)+(F98*INPUTS!B17)+(G98*INPUTS!B18)+(H98*INPUTS!B19)+(I98*INPUTS!B20),1.5) | K98: =IF(J98<0.6,0.3,IF(J98<0.8,0.6,IF(J98<1,1,IF(J98<1.2,1.5,2)))) | M98: =IF((D98*INPUTS!B10*K98*L98)<=25000,(D98*INPUTS!B10*K98*L98),IF((D98*INPUTS!B10*K98*L98)<=40000,25000+(((D98*INPUTS!B10*K98*L98)-25000)*0.85),IF((D98*INPUTS!B10*K98*L98)<=75000,37750+(((D98*INPUTS!B10*K98*L98)-40000)*0.70),62250+(((D98*INPUTS!B10*K98*L98)-75000)*0.50)))) | N98: =MAX(IF(E98<0.8,(C98*0.8)-D98,IF(E98<1,(C98*1)-D98,IF(E98<1.2,(C98*1.2)-D98,IF(E98<1.4,(C98*1.4)-D98,(C98*1.5)-D98)))),0) | O98: =IF(E98<0.8,"Increase Sales Volume",IF(F98<0.6,"Activate More Branches",IF(G98<0.5,"Push Focus Products","Strong Performance")))
E99: =D99/C99 | J99: =MIN((E99*INPUTS!B16)+(F99*INPUTS!B17)+(G99*INPUTS!B18)+(H99*INPUTS!B19)+(I99*INPUTS!B20),1.5) | K99: =IF(J99<0.6,0.3,IF(J99<0.8,0.6,IF(J99<1,1,IF(J99<1.2,1.5,2)))) | M99: =IF((D99*INPUTS!B10*K99*L99)<=25000,(D99*INPUTS!B10*K99*L99),IF((D99*INPUTS!B10*K99*L99)<=40000,25000+(((D99*INPUTS!B10*K99*L99)-25000)*0.85),IF((D99*INPUTS!B10*K99*L99)<=75000,37750+(((D99*INPUTS!B10*K99*L99)-40000)*0.70),62250+(((D99*INPUTS!B10*K99*L99)-75000)*0.50)))) | N99: =MAX(IF(E99<0.8,(C99*0.8)-D99,IF(E99<1,(C99*1)-D99,IF(E99<1.2,(C99*1.2)-D99,IF(E99<1.4,(C99*1.4)-D99,(C99*1.5)-D99)))),0) | O99: =IF(E99<0.8,"Increase Sales Volume",IF(F99<0.6,"Activate More Branches",IF(G99<0.5,"Push Focus Products","Strong Performance")))
E100: =D100/C100 | J100: =MIN((E100*INPUTS!B16)+(F100*INPUTS!B17)+(G100*INPUTS!B18)+(H100*INPUTS!B19)+(I100*INPUTS!B20),1.5) | K100: =IF(J100<0.6,0.3,IF(J100<0.8,0.6,IF(J100<1,1,IF(J100<1.2,1.5,2)))) | M100: =IF((D100*INPUTS!B10*K100*L100)<=25000,(D100*INPUTS!B10*K100*L100),IF((D100*INPUTS!B10*K100*L100)<=40000,25000+(((D100*INPUTS!B10*K100*L100)-25000)*0.85),IF((D100*INPUTS!B10*K100*L100)<=75000,37750+(((D100*INPUTS!B10*K100*L100)-40000)*0.70),62250+(((D100*INPUTS!B10*K100*L100)-75000)*0.50)))) | N100: =MAX(IF(E100<0.8,(C100*0.8)-D100,IF(E100<1,(C100*1)-D100,IF(E100<1.2,(C100*1.2)-D100,IF(E100<1.4,(C100*1.4)-D100,(C100*1.5)-D100)))),0) | O100: =IF(E100<0.8,"Increase Sales Volume",IF(F100<0.6,"Activate More Branches",IF(G100<0.5,"Push Focus Products","Strong Performance")))
...

Sheet PNL_DASHBOARD
A1: PnL Dashboard
A3: Target Monthly Productivity | B3: =INPUTS!B8
A4: Annual Productivity per RM | B4: =B3*12
A5: Total RM Business | B5: =B4*INPUTS!B3
A6: Base Incentive Cost | B6: =B5*INPUTS!B10
A7: Weighted Multiplier | B7: =(0.3*0.6)+(0.5*1)+(0.2*1.8)
A8: Adjusted Incentive | B8: =B6*B7
A9: ASM Cost | B9: =B5*INPUTS!B11
A10: Estimated Total Cost | B10: =B8+B9
A11: Target GWP | B11: =INPUTS!B5
A12: Incentive % of GWP | B12: =B10/(B11*10000000)

Sheet VERSION_NOTES
A1: Refactor Summary
A3: Removed hard cap
A4: Introduced tapered payout logic
A5: Introduced governance review thresholds
A6: Dynamic achievement slab gap
A7: Behavior-driven acceleration model
A8: Preserved financial governance
